zip,borough,2010-01,2010-02,2010-03,2010-04,2010-05,2010-06,2010-07,2010-08,2010-09,2010-10,2010-11,2010-12,2011-01,2011-02,2011-03,2011-04,2011-05,2011-06,2011-07,2011-08,2011-09,2011-10,2011-11,2011-12,2012-01,2012-02,2012-03,2012-04,2012-05,2012-06,2012-07,2012-08,2012-09,2012-10,2012-11,2012-12,2013-01,2013-02,2013-03,2013-04,2013-05,2013-06,2013-07,2013-08,2013-09,2013-10,2013-11,2013-12,2014-01,2014-02,2014-03,2014-04,2014-05,2014-06,2014-07,2014-08,2014-09,2014-10,2014-11,2014-12,2015-01,2015-02,2015-03,2015-04,2015-05,2015-06,2015-07,2015-08,2015-09,2015-10,2015-11,2015-12,2016-01,2016-02,2016-03,2016-04,2016-05,2016-06,2016-07,2016-08,2016-09,2016-10,2016-11,2016-12,2017-01,2017-02,2017-03,2017-04,2017-05,2017-06,2017-07,2017-08,2017-09,2017-10,2017-11,2017-12,2018-01,2018-02,2018-03,2018-04,2018-05,2018-06,2018-07,2018-08,2018-09,2018-10,2018-11,2018-12,2019-01,2019-02,2019-03,2019-04,2019-05,2019-06,2019-07,2019-08,2019-09,2019-10,2019-11,2019-12,2020-01,2020-02,2020-03,2020-04,2020-05,2020-06,2020-07,2020-08,2020-09,2020-10,2020-11,2020-12,2021-01,2021-02,2021-03,2021-04,2021-05,2021-06,2021-07,2021-08,2021-09,2021-10,2021-11,2021-12,2022-01,2022-02,2022-03,2022-04,2022-05,2022-06,2022-07,2022-08,2022-09,2022-10,2022-11,2022-12,2023-01,2023-02,2023-03,2023-04,2023-05,2023-06,2023-07,2023-08,2023-09,2023-10,2023-11,2023-12,2024-01,2024-02,2024-03,2024-04,2024-05,2024-06,2024-07,2024-08,2024-09,2024-10,2024-11,2024-12,2025-01,2025-02,2025-03,2025-04,2025-05,2025-06,2025-07,2025-08,2025-09,2025-10,2025-11,2025-12,2026-01,2026-02,2026-03,2026-04,2026-05,2026-06,2026-07,2026-08
10001,Manhattan,262.1,272.4,281.7,279.7,257.7,260.2,258.6,248.1,212.4,219.8,205.8,186.8,196.4,189.6,213.7,194.3,214.6,212.8,208.2,233.0,214.3,219.8,205.5,182.7,201.9,205.8,232.5,243.0,265.4,280.0,275.3,262.1,245.4,241.8,227.8,225.9,254.2,256.9,310.1,342.9,325.6,304.5,318.5,312.7,309.1,364.0,411.4,376.0,386.1,367.4,378.7,361.7,370.2,363.8,390.6,371.6,363.2,377.2,345.9,367.3,399.5,385.7,427.8,437.2,443.5,456.1,451.5,421.7,398.8,402.4,370.1,358.1,371.3,381.4,419.4,405.9,424.7,466.0,483.0,474.0,438.9,438.9,425.2,405.8,444.4,420.8,463.4,448.1,510.6,529.7,503.5,429.2,413.8,422.7,387.7,363.8,376.2,348.9,387.2,397.0,424.4,445.2,450.7,419.9,336.3,351.8,313.3,275.6,313.7,305.4,347.7,401.3,440.8,433.8,404.5,388.1,335.4,325.7,293.2,276.6,307.5,284.9,270.7,277.9,460.6,653.7,836.7,907.5,880.8,846.5,775.6,705.5,683.3,606.3,616.0,537.2,458.0,388.2,298.3,256.0,201.4,195.6,183.1,156.9,184.4,187.8,238.0,254.6,290.1,311.8,320.2,328.3,315.8,292.4,291.6,262.9,292.2,291.2,325.7,350.2,400.8,409.2,422.6,410.3,370.9,352.8,322.3,285.9,309.3,294.9,306.3,346.8,375.7,398.3,412.2,385.1,322.2,306.6,261.8,249.0,258.2,236.1,282.3,336.4,369.4,357.4,393.6,356.7,323.2,304.7,266.2,255.0,262.3,246.3,289.9,312.5,311.5,350.0,358.3,328.6
10002,Manhattan,252.9,312.8,303.8,291.9,265.7,284.7,257.3,241.3,180.1,185.9,167.2,157.9,177.8,155.9,198.3,267.5,364.4,403.6,429.0,423.3,292.9,235.8,271.3,310.6,372.3,358.6,224.3,244.1,315.2,329.5,324.7,310.8,250.5,253.2,228.1,234.0,302.9,307.7,326.5,401.4,417.8,390.3,452.7,429.0,347.6,375.6,320.1,313.8,335.4,346.2,395.8,398.3,459.8,484.3,566.6,620.7,573.5,484.3,432.1,403.2,430.2,406.1,503.4,498.3,489.4,545.6,569.8,564.2,482.9,476.0,439.4,422.5,472.9,480.9,510.7,560.0,599.0,603.0,655.7,689.9,602.1,572.9,558.7,536.2,578.5,564.6,694.0,756.7,875.5,878.1,847.8,685.2,595.3,568.5,504.5,437.2,470.0,465.2,595.1,699.5,733.4,743.3,829.7,796.8,605.8,546.7,431.4,393.7,473.3,502.3,585.4,685.5,823.5,837.4,927.0,863.7,697.1,572.7,471.9,382.3,431.4,436.3,401.8,386.8,797.9,1219.8,1635.9,1774.9,1743.8,1755.2,1498.5,1324.2,1269.4,1168.6,1136.4,1097.0,935.0,843.3,763.6,592.6,487.0,471.2,458.1,362.5,384.8,406.1,474.8,526.2,619.4,686.9,767.7,780.4,692.3,603.6,536.7,461.9,516.5,529.2,627.5,728.3,859.0,878.4,970.4,980.2,777.4,741.7,695.1,580.6,557.0,497.0,561.5,694.5,802.1,896.7,978.9,946.5,827.3,740.0,570.7,486.0,447.9,415.4,474.5,557.6,653.7,788.1,792.5,735.9,566.6,513.0,374.0,322.7,370.6,282.4,409.0,512.3,563.9,626.5,636.3,594.3
10003,Manhattan,543.3,568.0,610.3,640.1,653.4,665.9,595.1,552.9,428.7,403.5,423.7,439.9,459.4,414.6,465.6,471.5,478.4,539.6,529.0,504.5,415.4,431.0,402.4,419.5,460.0,459.9,494.6,556.0,647.5,670.2,763.9,700.8,566.0,523.0,504.0,507.0,565.5,565.6,592.8,702.8,782.0,811.2,877.4,885.5,768.9,728.6,683.5,632.1,681.6,670.1,722.3,753.4,868.5,890.9,958.0,889.6,806.2,750.4,705.6,680.7,738.0,662.6,790.3,896.2,958.8,1065.5,1137.1,1008.1,835.3,781.8,701.4,689.3,738.6,756.6,834.9,902.9,997.1,1103.6,1156.0,1199.7,1002.0,972.5,912.7,839.7,919.6,874.5,989.4,1075.2,1235.2,1345.5,1350.9,1129.6,946.4,911.0,771.6,721.0,756.9,729.3,808.5,937.7,1076.2,1148.7,1240.2,1088.7,838.9,804.6,670.6,598.7,648.4,653.9,783.2,941.8,1064.9,1130.7,1168.9,1044.2,790.8,666.2,567.5,519.3,546.8,501.8,497.6,505.8,997.8,1533.3,2061.3,2208.4,2169.9,2109.8,1852.6,1636.3,1557.6,1301.7,1288.6,1144.4,999.9,936.1,785.5,655.7,487.9,426.6,400.5,366.6,422.5,377.1,446.6,506.0,668.7,763.0,770.1,767.6,610.4,583.5,557.4,518.1,601.1,560.3,662.4,759.2,910.1,1031.3,1087.7,1042.6,838.2,766.6,647.3,573.3,616.1,549.6,597.8,692.0,862.8,985.1,1123.6,1061.7,855.7,712.4,577.0,516.4,508.3,445.3,569.5,688.5,869.4,878.1,899.5,799.3,655.3,550.6,435.5,408.2,450.2,446.5,547.3,627.5,720.8,795.2,817.4,680.3
10004,Manhattan,46.2,47.6,45.2,43.1,38.8,40.4,39.5,40.6,38.2,39.7,39.6,40.6,43.1,41.0,45.7,45.8,44.6,49.2,48.9,50.7,50.5,47.9,51.8,49.0,52.5,50.1,57.1,56.6,57.6,57.9,59.5,59.6,52.4,58.1,55.1,58.0,67.3,71.0,77.2,80.5,82.6,80.3,81.9,82.7,79.9,84.1,67.3,70.5,69.9,70.3,73.9,82.6,83.5,74.2,73.8,75.1,66.3,62.8,60.3,59.4,62.9,57.9,62.4,62.5,68.4,71.1,67.8,68.2,63.9,65.6,58.4,57.8,61.7,65.1,68.0,71.2,69.0,71.6,68.9,74.2,64.4,63.7,59.8,57.6,62.0,62.9,66.8,67.9,72.0,74.5,68.8,63.2,59.3,58.0,56.4,54.0,58.5,52.3,52.0,54.8,56.8,57.6,59.4,57.4,50.7,50.5,46.8,42.4,49.3,44.6,52.4,53.5,60.2,60.3,58.7,56.9,54.1,51.8,44.4,39.7,42.5,38.3,36.8,36.5,54.9,72.0,91.8,103.4,103.5,102.7,94.0,86.1,88.1,82.5,83.3,75.6,65.3,58.2,45.9,40.1,34.0,35.6,31.5,28.1,31.2,29.4,34.4,29.6,35.1,38.8,46.7,47.8,44.5,49.4,49.5,45.4,48.0,42.0,46.2,44.8,49.0,49.7,51.3,60.5,55.4,54.5,50.1,49.6,54.1,53.1,52.6,53.6,54.9,55.1,58.3,53.3,49.3,52.9,50.2,46.6,49.9,44.1,51.9,55.3,55.4,54.0,59.0,60.3,54.4,55.4,46.1,44.8,50.2,50.2,55.3,57.0,61.6,63.0,63.3,63.3
10005,Manhattan,168.5,173.6,164.6,157.2,141.5,147.1,143.8,148.1,139.3,144.6,144.2,148.1,157.2,149.3,166.4,167.0,162.5,179.4,178.1,184.7,184.1,174.6,188.8,178.8,191.5,182.7,208.2,206.3,209.8,210.9,216.8,217.2,191.1,211.7,201.0,211.3,245.2,258.8,281.2,293.5,301.2,292.7,298.5,301.6,291.1,306.5,245.2,256.9,254.9,256.3,269.5,301.2,304.5,270.5,269.1,273.6,241.7,229.0,219.9,216.6,229.4,210.9,227.5,227.7,249.1,259.0,247.3,248.7,232.9,239.0,212.9,210.6,225.0,237.4,247.7,259.4,251.4,260.8,251.2,270.5,234.7,232.2,218.1,209.8,226.1,229.2,243.6,247.5,262.3,271.5,250.8,230.2,216.2,211.5,205.7,196.9,213.1,190.5,189.7,199.7,206.9,209.8,216.4,209.2,184.7,183.9,170.5,154.5,179.8,162.5,191.1,194.8,219.3,219.7,213.9,207.4,197.1,188.6,161.9,144.6,154.9,139.7,134.1,132.9,200.2,262.3,334.5,376.9,377.1,374.2,342.7,313.7,320.9,300.5,303.6,275.7,238.0,212.1,167.4,146.3,123.8,129.6,114.8,102.4,113.6,107.0,125.3,107.8,127.7,141.5,170.1,174.0,162.3,180.2,180.4,165.4,175.1,153.0,168.5,163.3,178.8,181.2,187.0,220.3,201.8,198.5,182.7,180.6,197.3,193.4,191.7,195.2,200.2,201.0,212.5,194.2,179.8,193.0,182.9,169.9,181.8,160.9,189.0,201.6,201.8,196.9,215.0,219.7,198.3,201.8,168.1,163.3,183.1,182.9,201.6,207.8,224.4,229.8,230.8,230.6
10006,Manhattan,65.9,67.9,64.4,61.5,55.4,57.5,56.2,57.9,54.5,56.6,56.4,57.9,61.5,58.4,65.1,65.3,63.6,70.2,69.7,72.2,72.0,68.3,73.9,69.9,74.9,71.4,81.4,80.7,82.1,82.5,84.8,85.0,74.7,82.8,78.6,82.6,95.9,101.2,110.0,114.8,117.8,114.5,116.7,117.9,113.8,119.9,95.9,100.5,99.7,100.2,105.4,117.8,119.1,105.8,105.2,107.0,94.5,89.5,86.0,84.7,89.7,82.5,89.0,89.1,97.4,101.3,96.7,97.3,91.1,93.5,83.3,82.4,88.0,92.8,96.9,101.5,98.3,102.0,98.2,105.8,91.8,90.8,85.3,82.1,88.4,89.6,95.3,96.8,102.6,106.2,98.1,90.0,84.6,82.7,80.5,77.0,83.4,74.5,74.2,78.1,80.9,82.1,84.6,81.8,72.2,71.9,66.7,60.4,70.3,63.6,74.7,76.2,85.8,85.9,83.7,81.1,77.1,73.8,63.3,56.6,60.6,54.6,52.5,52.0,78.3,102.6,130.8,147.4,147.5,146.3,134.0,122.7,125.5,117.5,118.8,107.8,93.1,82.9,65.5,57.2,48.4,50.7,44.9,40.1,44.4,41.8,49.0,42.2,50.0,55.4,66.5,68.1,63.5,70.5,70.6,64.7,68.5,59.9,65.9,63.9,69.9,70.9,73.1,86.2,78.9,77.6,71.4,70.6,77.2,75.6,75.0,76.4,78.3,78.6,83.1,75.9,70.3,75.5,71.5,66.5,71.1,62.9,73.9,78.8,78.9,77.0,84.1,85.9,77.6,78.9,65.7,63.9,71.6,71.5,78.8,81.3,87.8,89.9,90.3,90.2
10007,Manhattan,64.2,65.7,72.1,76.4,77.0,71.4,65.5,63.7,60.9,55.3,49.9,46.7,53.0,55.4,59.3,60.9,64.9,74.7,72.5,79.7,75.6,79.0,70.2,61.4,70.9,71.1,80.2,82.2,83.3,79.6,77.0,77.3,75.2,79.1,64.6,64.2,72.0,78.8,87.1,92.0,103.9,98.7,103.4,103.6,108.3,118.8,97.1,87.4,92.6,94.6,119.5,121.7,114.9,114.2,111.7,108.3,104.2,96.5,81.9,81.9,85.8,72.4,92.1,97.8,103.3,103.7,110.0,116.8,97.3,99.9,90.3,85.3,86.3,93.3,100.5,114.3,126.4,130.6,131.8,129.9,128.0,121.6,121.7,107.6,124.9,126.8,135.9,126.5,149.6,150.0,128.3,126.6,130.8,126.4,121.7,101.1,106.0,100.4,100.0,98.1,113.7,106.8,105.7,105.2,91.6,86.7,83.9,71.4,87.8,76.1,91.8,110.2,145.6,141.5,119.9,114.0,93.6,103.2,90.0,79.6,94.1,82.6,81.9,72.3,117.2,158.3,207.1,217.6,238.2,209.1,187.4,172.1,173.1,158.8,147.1,127.2,101.8,93.9,78.6,63.4,45.9,50.3,45.0,39.0,44.3,50.6,52.4,48.0,60.4,74.8,79.0,78.2,79.8,82.1,79.9,73.8,79.1,71.9,78.1,83.7,102.5,100.3,98.5,101.9,92.0,89.6,80.9,72.4,77.6,77.6,81.3,73.4,76.5,74.9,84.6,81.5,74.3,69.5,65.3,63.9,69.6,63.2,66.5,71.7,80.4,76.2,79.6,82.7,77.4,80.4,71.8,62.3,68.8,61.5,69.0,69.7,73.3,83.6,88.8,88.5
10009,Manhattan,310.2,323.6,360.6,364.7,380.5,388.9,342.3,284.6,220.1,201.9,212.7,213.8,235.3,215.5,240.3,283.9,313.4,354.4,355.1,351.9,254.4,246.7,244.7,250.7,267.8,296.2,330.6,393.0,422.2,480.9,615.2,556.9,453.6,433.6,403.0,357.9,420.2,391.7,383.2,493.3,582.3,685.8,701.7,746.0,614.7,587.9,484.5,435.4,492.2,696.0,930.3,1481.6,1636.9,1348.5,889.2,847.5,755.1,690.2,629.5,637.1,676.1,537.8,658.4,796.9,1072.3,1241.1,1439.3,1209.8,896.0,786.5,651.8,594.2,678.3,688.9,748.7,863.9,970.6,1071.4,1146.2,1143.0,923.4,877.4,785.9,719.7,835.0,783.3,880.2,1023.1,1203.5,1367.9,1457.4,1211.2,974.1,831.1,662.7,613.3,658.3,609.8,751.6,906.3,1084.2,1164.3,1268.6,1164.9,860.8,790.8,634.5,551.6,552.3,584.7,762.4,939.6,1095.5,1240.4,1259.1,1100.0,735.2,577.4,457.9,430.4,448.0,419.0,420.8,506.9,1013.6,1541.5,2029.1,2170.5,2055.4,1997.0,1713.8,1508.1,1425.6,1155.3,1152.5,1045.5,943.7,969.0,906.0,729.8,529.9,447.2,409.2,421.6,456.9,419.2,492.8,559.9,749.7,871.9,851.1,801.4,602.0,541.8,499.1,505.0,598.4,575.2,668.1,775.4,1020.0,1154.1,1244.5,1133.7,866.1,823.7,669.3,595.5,603.7,522.5,638.4,745.1,965.7,1114.8,1317.5,1192.6,920.0,772.5,617.6,530.1,506.6,442.1,576.2,726.5,979.1,1076.6,1050.7,865.7,693.5,561.1,434.9,433.2,448.7,463.6,584.7,653.8,788.0,903.4,885.6,746.0
10010,Manhattan,399.0,416.4,436.8,446.8,415.2,415.8,389.6,392.0,344.7,325.9,317.3,302.2,319.8,310.2,345.4,354.7,368.0,373.9,361.8,369.7,344.2,347.3,328.6,305.3,334.0,354.9,375.9,396.7,429.1,418.1,455.9,458.5,416.6,400.8,381.0,364.9,406.7,407.1,448.6,481.8,505.3,482.9,534.6,520.4,481.8,581.3,658.5,569.5,586.4,618.7,678.4,800.1,818.7,702.1,590.8,556.3,530.9,539.7,490.5,489.2,538.2,533.0,618.4,647.2,730.3,736.3,769.8,725.4,643.1,596.3,530.6,516.8,548.5,559.9,595.4,624.5,680.2,753.5,747.1,765.4,642.4,649.4,636.5,598.4,649.1,625.2,703.0,735.1,820.4,852.7,823.2,673.3,615.7,646.9,576.1,540.8,555.1,541.3,611.5,645.6,708.6,706.6,733.3,672.6,570.3,584.9,508.1,474.4,507.3,469.3,524.3,623.0,655.7,640.0,664.8,625.1,517.0,488.1,438.0,405.4,432.7,386.0,358.4,354.6,611.9,898.7,1179.7,1300.4,1274.9,1276.4,1157.6,1078.6,1047.4,941.2,951.5,868.9,767.6,677.4,545.2,475.7,374.7,348.5,314.8,283.0,304.9,296.4,360.3,388.9,437.6,478.1,482.9,515.8,454.2,447.9,446.5,399.2,458.0,445.2,496.5,519.4,591.5,622.8,634.5,654.8,566.8,537.5,486.6,448.1,475.0,438.8,454.8,499.3,570.6,601.4,637.4,619.8,530.8,491.1,412.7,384.6,394.4,360.9,418.1,489.2,545.1,520.9,561.0,530.2,475.2,438.5,382.9,371.4,372.5,359.0,423.7,462.5,464.8,513.3,541.5,491.5
10011,Manhattan,595.3,631.5,645.2,656.6,618.3,627.6,614.0,576.3,454.4,469.7,441.0,419.9,452.4,432.3,483.9,433.4,467.9,486.9,480.5,517.5,466.4,465.9,432.9,410.5,450.4,444.0,510.5,536.6,607.5,640.4,646.4,593.9,540.0,517.7,497.3,497.7,568.6,570.5,683.5,775.9,732.8,690.3,720.8,697.5,677.2,699.4,684.7,681.9,728.6,706.7,773.3,784.5,820.3,827.1,873.2,831.9,796.8,784.8,717.0,748.2,792.7,769.2,840.3,878.6,902.5,949.2,947.1,888.5,824.5,828.3,758.1,740.8,768.1,801.4,882.3,859.5,887.1,967.6,1035.0,1045.5,975.2,941.6,907.0,854.5,941.6,903.0,984.7,952.8,1071.8,1134.5,1106.4,965.2,918.6,896.0,828.7,751.7,805.8,749.9,805.5,857.1,920.5,956.4,982.6,912.8,725.1,736.5,657.0,568.2,655.3,655.5,753.5,859.6,952.6,946.4,872.8,840.7,720.9,690.0,609.5,574.1,649.6,602.2,567.9,577.2,972.1,1423.9,1840.5,1992.0,1956.6,1857.4,1673.8,1498.3,1445.6,1282.1,1279.9,1120.5,942.4,791.7,610.3,515.0,389.0,378.0,356.3,301.6,364.3,375.0,466.2,495.7,589.0,640.3,652.6,670.7,625.2,586.7,580.0,516.7,577.3,574.0,657.8,722.9,814.5,851.8,892.1,856.1,770.2,722.2,652.8,563.8,627.8,602.5,615.3,705.1,791.6,831.7,875.8,812.6,691.1,634.7,523.6,497.3,519.7,484.3,594.8,708.3,800.3,771.4,841.5,762.0,685.4,639.9,543.7,513.9,552.4,524.3,617.5,655.6,683.3,747.0,764.9,693.3
10012,Manhattan,331.8,344.8,357.6,385.3,371.8,399.5,370.4,339.7,254.4,230.2,247.5,255.6,267.1,252.0,292.4,263.9,273.8,303.6,322.0,319.3,238.7,236.2,230.7,240.6,267.5,259.3,273.8,265.6,334.1,384.0,414.3,366.7,292.2,276.2,276.8,266.4,298.9,331.0,341.0,390.7,396.6,405.0,460.5,440.9,412.9,453.7,312.4,278.7,310.0,297.3,333.3,375.8,423.2,417.1,444.2,436.4,394.6,324.7,284.1,279.5,285.9,281.2,310.2,355.5,387.3,419.3,461.6,429.4,347.2,337.0,289.7,317.1,334.8,346.2,381.5,407.2,441.2,477.4,493.3,513.9,450.3,425.2,403.4,374.7,412.5,381.0,435.8,449.8,517.8,542.1,550.6,476.1,420.1,406.7,365.4,330.9,352.4,348.4,365.6,392.5,444.8,449.0,483.2,444.8,361.2,341.0,286.4,262.1,283.1,286.6,327.7,387.9,430.8,458.3,451.9,404.0,361.3,326.7,285.3,245.6,252.7,241.5,221.8,208.4,446.0,655.1,881.2,973.3,963.4,905.8,796.2,693.6,658.0,566.2,567.7,500.2,402.6,341.8,295.0,258.8,190.0,174.6,163.7,153.2,155.7,155.1,169.4,200.4,250.8,304.0,327.9,330.2,268.6,259.6,243.2,219.1,267.9,238.8,267.2,299.9,352.6,426.0,427.4,417.7,349.4,331.1,290.8,226.9,256.6,252.8,252.7,297.7,361.3,392.5,453.2,415.6,344.6,288.7,245.4,225.4,236.2,197.4,227.2,281.0,343.8,327.5,368.7,344.5,269.4,234.7,186.4,178.4,202.8,180.1,215.7,247.0,303.9,339.4,357.0,313.7
10013,Manhattan,299.5,305.5,326.0,347.2,328.5,335.6,316.2,290.7,257.4,226.2,218.4,200.5,225.3,231.1,259.2,252.4,270.3,301.2,319.7,340.1,276.3,275.6,254.1,234.7,271.1,274.8,298.6,297.7,333.6,357.1,367.2,342.2,300.4,295.5,267.7,248.2,280.2,322.2,341.8,375.5,402.5,395.2,444.4,431.0,424.6,503.4,359.1,312.0,348.4,341.3,422.1,442.7,452.8,453.0,462.1,453.5,427.7,372.7,309.7,311.9,318.6,293.2,352.3,384.2,415.5,432.1,475.9,471.4,372.1,377.4,336.1,337.6,344.9,369.9,402.2,453.2,503.6,533.5,538.5,541.7,503.4,469.4,466.9,423.7,480.3,469.4,521.5,511.3,603.6,609.6,572.1,524.2,508.2,486.1,455.2,393.8,406.9,398.3,408.3,410.8,487.0,469.9,480.6,472.7,397.0,364.9,334.9,293.8,338.2,315.0,365.6,447.4,556.2,565.4,507.0,464.0,393.4,404.6,351.2,300.3,337.4,308.9,294.9,280.5,517.8,711.8,933.2,1006.0,1037.0,928.5,823.2,742.4,727.8,651.0,627.9,549.3,433.1,380.3,332.4,282.3,202.5,202.0,185.1,170.1,178.7,197.3,206.2,217.5,260.7,330.4,350.1,345.0,316.8,313.8,303.6,280.9,325.7,290.8,319.0,344.5,427.0,456.6,449.6,449.1,384.9,369.2,337.1,273.2,295.3,304.5,316.6,324.2,365.9,378.6,434.2,401.1,344.0,307.6,276.7,255.9,274.5,237.6,251.2,300.4,354.2,339.2,372.8,361.5,304.3,296.8,255.4,231.0,249.4,217.1,260.6,276.2,310.1,364.2,385.1,366.9
10014,Manhattan,506.7,540.2,505.7,559.3,536.8,551.1,500.5,487.7,342.1,332.6,323.1,327.1,396.3,381.3,404.9,388.5,403.6,455.8,463.0,456.7,394.0,355.3,326.4,330.4,390.9,393.9,473.0,490.1,561.6,553.7,652.6,592.7,510.6,469.7,506.2,438.8,494.4,492.0,551.3,617.5,633.2,632.6,702.7,656.8,580.9,582.0,489.0,462.6,523.7,513.5,608.6,630.7,726.4,717.0,694.5,687.1,626.7,581.8,492.3,483.2,495.3,529.9,615.6,632.0,674.7,744.5,718.2,691.2,607.2,584.4,556.1,549.4,588.8,628.0,671.4,718.1,755.5,773.1,778.9,813.3,735.9,688.7,689.1,620.5,674.9,637.5,736.2,777.8,830.5,885.3,907.3,779.3,693.4,645.8,577.2,488.1,577.4,574.1,572.7,677.1,767.7,778.1,799.4,740.3,546.4,513.8,481.1,429.5,526.9,515.7,593.9,691.3,719.1,677.3,666.8,671.1,531.3,495.4,424.6,378.7,435.2,420.3,378.6,396.2,718.6,1034.4,1381.7,1512.7,1470.1,1377.5,1143.7,1077.9,1042.1,902.8,875.6,788.4,633.6,512.9,407.3,372.3,266.0,229.4,208.9,195.2,214.4,222.4,265.0,333.0,377.8,412.7,443.2,461.2,382.8,390.0,381.0,355.0,402.3,378.1,453.9,516.7,541.2,577.3,611.9,602.1,495.7,459.7,420.8,365.3,406.5,402.4,403.6,474.9,584.7,589.2,637.9,577.6,480.1,421.9,349.8,290.1,324.5,320.2,418.5,508.6,586.3,542.2,562.6,536.0,440.3,428.5,343.7,331.7,375.3,376.8,453.8,489.9,506.7,544.3,595.2,570.4
10016,Manhattan,875.6,931.9,964.3,997.7,905.2,885.2,841.5,868.8,738.1,690.9,654.3,649.5,674.6,679.9,751.7,774.0,830.8,821.2,772.8,808.1,764.3,763.7,722.2,661.0,698.0,752.0,797.5,803.1,839.4,851.4,920.2,909.8,825.2,805.4,772.6,735.4,821.5,825.2,921.5,971.1,996.7,993.4,1089.8,1041.1,974.5,1074.1,1090.3,1022.6,1077.8,1058.2,1140.9,1145.9,1161.7,1124.9,1202.8,1157.8,1109.7,1081.6,958.8,983.7,1051.4,1048.9,1145.3,1194.4,1218.6,1275.7,1292.0,1250.8,1187.4,1144.8,1049.9,1031.5,1101.8,1085.8,1173.9,1213.0,1318.7,1415.0,1400.8,1494.4,1283.1,1313.0,1234.5,1118.1,1255.3,1231.5,1375.4,1431.5,1588.5,1675.6,1599.4,1332.2,1254.4,1315.7,1194.4,1108.1,1118.2,1101.4,1189.2,1239.8,1404.3,1354.9,1415.6,1350.7,1182.0,1218.9,1051.4,956.6,1077.9,981.6,1091.4,1244.2,1304.2,1267.0,1317.9,1250.5,1072.4,1041.1,943.9,904.2,965.8,842.7,730.7,701.5,1134.1,1662.0,2221.6,2537.7,2518.7,2538.2,2322.6,2178.5,2150.3,1997.6,2027.8,1920.4,1737.7,1533.9,1249.4,1065.4,846.5,775.0,680.6,622.1,652.8,668.9,774.4,776.0,851.7,900.2,979.9,1075.0,951.1,944.6,909.4,828.9,915.1,882.4,983.1,1024.6,1165.7,1254.3,1268.6,1349.4,1229.3,1195.0,1065.9,951.5,1003.1,940.5,994.1,1075.7,1240.4,1237.8,1325.6,1274.7,1143.6,1065.1,885.5,814.9,850.3,814.7,912.3,1051.0,1160.3,1132.9,1198.0,1140.3,1052.7,969.3,852.0,806.7,836.4,816.2,959.9,1034.4,1059.3,1105.4,1148.2,1071.0
10017,Manhattan,245.1,259.0,265.7,275.4,248.4,242.0,230.5,238.9,202.3,190.2,178.2,180.4,186.6,188.8,207.3,213.3,229.2,226.9,212.8,221.6,211.3,207.9,197.1,183.5,191.7,206.9,219.3,221.0,228.5,231.7,250.8,246.2,223.8,218.7,210.7,201.0,224.4,223.0,248.5,261.0,267.5,267.7,294.8,279.5,261.6,275.0,260.9,254.7,273.1,272.2,299.7,308.4,310.9,302.6,323.8,313.3,298.4,288.8,256.2,263.4,277.0,277.8,296.5,309.9,313.9,331.5,337.0,329.6,315.0,306.1,280.2,276.2,295.4,292.0,315.6,325.9,351.2,373.9,370.4,400.4,346.4,354.1,331.3,296.3,334.5,329.0,366.1,380.7,419.4,443.8,423.9,354.3,335.5,349.7,320.7,295.4,299.8,292.8,313.6,327.2,371.9,355.2,370.9,360.6,320.3,329.0,283.2,257.3,290.9,265.5,293.5,330.7,345.8,334.9,350.8,331.8,286.3,280.1,255.8,247.0,264.7,229.7,196.8,185.9,289.8,427.2,572.1,656.4,655.5,662.5,607.4,570.1,568.3,531.1,539.1,517.0,469.7,415.1,340.8,291.6,230.7,210.5,184.4,167.3,174.9,181.0,206.2,201.8,220.4,232.3,254.8,284.3,251.3,250.7,238.5,220.1,241.0,232.6,259.3,267.2,304.1,329.0,333.1,355.5,328.2,321.8,286.0,254.5,270.8,252.4,267.0,285.1,329.3,324.5,350.4,336.2,305.3,286.0,236.3,216.5,226.9,220.1,243.2,277.5,306.1,301.6,318.3,303.7,283.0,262.1,231.8,218.4,228.6,224.1,263.0,281.0,288.8,295.6,305.3,286.3
10018,Manhattan,122.9,123.8,122.5,125.6,114.6,117.7,117.5,108.4,94.2,99.8,92.5,89.9,92.3,90.7,97.2,92.5,100.7,102.7,98.7,106.8,101.3,98.3,94.6,91.9,99.5,102.2,112.1,115.3,120.9,127.5,127.7,121.1,112.4,110.1,109.2,107.5,118.7,115.7,133.5,144.8,140.7,135.6,144.7,142.8,134.6,136.5,127.4,130.0,140.9,140.6,151.9,154.5,161.6,157.8,168.0,165.4,155.9,163.7,153.1,158.4,166.0,167.5,173.4,180.3,172.0,184.1,184.0,180.1,170.2,177.1,167.2,162.7,168.2,174.0,190.5,186.5,188.7,203.3,206.9,212.2,200.4,196.2,193.4,177.3,195.2,184.1,203.5,199.1,218.6,222.3,214.0,184.7,173.5,177.5,169.0,157.8,167.2,152.4,163.1,169.9,180.7,186.1,184.2,185.5,155.6,164.8,149.2,138.0,154.2,145.1,158.2,173.8,186.7,182.6,178.5,166.7,148.7,148.8,135.7,130.5,144.9,133.3,123.3,121.1,174.3,248.3,317.7,340.3,337.3,330.7,302.7,275.4,278.3,249.1,256.7,237.4,210.0,182.3,147.9,130.2,101.2,95.6,85.6,71.7,79.4,85.0,100.9,97.9,110.0,117.0,125.3,137.2,126.2,123.8,120.4,115.7,126.8,122.5,138.2,140.7,160.7,168.5,173.7,170.2,158.0,154.5,139.9,129.1,140.8,129.5,136.9,145.0,156.7,162.0,172.4,162.0,142.9,141.8,120.7,110.7,119.1,110.8,125.5,140.1,153.1,154.1,167.8,153.7,140.6,137.8,123.5,116.2,125.1,118.7,134.2,143.4,146.4,154.3,157.7,144.5
10019,Manhattan,700.5,713.2,696.9,748.1,693.1,742.3,740.4,629.0,557.2,592.9,568.4,550.1,557.8,560.2,582.4,595.9,644.0,667.3,633.2,683.4,646.6,637.3,628.0,610.2,674.8,695.3,738.1,719.3,744.7,809.5,821.3,807.6,735.1,716.7,742.8,708.0,769.4,756.0,825.8,878.0,881.8,891.2,943.2,969.3,865.7,897.4,847.3,848.8,917.8,917.5,980.1,973.7,1076.1,1019.3,1064.1,1081.6,1003.9,1072.4,1004.1,1001.3,1063.0,1116.1,1145.3,1217.4,1108.5,1223.7,1226.0,1225.2,1130.4,1170.9,1152.8,1113.6,1150.3,1161.4,1265.8,1265.4,1288.7,1393.9,1379.8,1433.0,1337.7,1281.4,1295.0,1176.4,1296.5,1218.6,1373.3,1377.5,1495.0,1476.3,1446.6,1257.1,1115.9,1172.9,1117.5,1061.7,1124.3,1062.4,1113.5,1175.4,1242.0,1271.9,1242.4,1279.7,1072.9,1179.1,1090.8,1063.8,1157.0,1024.7,1092.9,1176.3,1232.6,1220.6,1231.3,1139.6,1033.4,1041.5,926.1,888.4,967.3,897.4,821.1,808.3,1107.6,1560.1,2015.4,2144.7,2139.7,2159.3,1950.7,1787.3,1817.3,1639.5,1723.7,1641.4,1513.0,1355.5,1138.2,986.5,777.0,718.7,607.4,532.1,541.2,600.6,696.3,650.9,723.5,757.0,856.6,946.8,807.8,847.8,834.2,814.3,906.7,836.1,943.2,945.1,1074.6,1162.6,1180.6,1186.0,1074.6,1054.1,953.1,924.6,960.7,880.2,955.2,987.5,1080.6,1117.8,1189.4,1135.8,1035.3,1040.1,900.4,806.9,894.2,814.8,909.7,978.8,1069.9,1093.1,1166.0,1076.9,961.0,948.5,850.3,797.0,873.5,824.5,891.3,978.2,1027.5,1083.2,1132.9,1023.1
10021,Manhattan,553.5,578.3,580.0,552.3,527.9,574.4,569.7,564.2,487.9,508.1,498.0,527.7,536.0,502.3,567.7,529.5,520.4,538.5,534.8,542.1,482.4,461.0,432.4,407.4,439.2,435.4,486.6,503.7,524.2,567.1,593.6,575.3,490.5,480.0,471.3,435.8,483.7,443.8,491.4,559.3,596.7,597.1,664.6,697.6,608.2,648.3,591.9,565.3,595.8,608.4,614.5,626.0,703.9,698.3,734.6,711.6,690.8,658.6,593.6,551.4,582.6,557.4,636.0,650.5,698.1,744.7,763.5,737.4,690.3,712.6,667.3,595.4,633.2,636.2,712.0,738.3,812.8,878.6,892.7,887.4,834.1,804.3,753.2,684.2,747.7,712.3,765.1,752.3,822.6,864.3,831.4,698.1,674.1,696.8,633.1,555.4,615.5,604.0,642.3,678.2,741.0,776.2,777.1,753.8,650.0,662.2,593.3,517.1,556.6,560.6,622.4,672.0,731.4,716.0,735.2,676.7,595.7,544.0,460.5,408.9,446.2,400.9,377.1,341.3,566.9,842.3,1148.3,1281.9,1307.5,1349.7,1240.3,1139.1,1168.9,1063.2,1118.9,1073.4,988.0,996.8,927.6,771.7,586.4,483.0,382.0,307.3,311.8,298.4,341.8,368.4,422.7,514.7,526.0,547.5,499.1,472.5,459.4,411.6,451.1,388.6,429.8,462.3,538.8,594.5,641.7,663.1,575.1,589.8,502.9,430.6,462.0,437.1,439.7,468.1,513.2,529.0,621.9,604.8,549.5,499.5,411.4,359.9,375.1,338.0,379.0,431.6,493.6,505.9,551.6,480.1,459.3,426.2,354.6,322.4,327.5,318.1,382.5,386.4,404.1,443.4,470.9,435.5
10022,Manhattan,523.5,552.8,566.0,583.6,528.3,518.6,495.5,511.8,434.1,411.3,386.8,393.1,405.9,408.2,449.1,458.5,489.7,486.2,458.0,476.0,451.6,443.4,420.0,391.5,409.8,439.9,468.0,472.3,488.5,497.7,537.5,527.1,477.1,466.3,449.7,428.0,477.7,472.5,526.3,555.4,570.7,571.2,629.6,601.3,559.9,589.0,557.4,543.3,581.9,581.0,636.1,654.1,664.2,647.2,691.8,669.4,638.4,617.2,548.3,559.7,588.9,588.7,631.1,658.8,669.7,707.6,719.7,703.4,671.3,655.1,600.5,588.0,628.7,622.2,674.1,696.2,751.5,800.8,794.6,854.0,743.1,756.4,707.8,633.8,713.8,700.6,777.7,806.1,887.5,938.7,897.2,750.0,711.0,740.8,679.0,623.6,636.3,621.5,665.4,694.8,787.7,756.6,788.0,766.0,679.1,697.2,601.7,545.3,614.7,564.4,624.0,701.2,735.0,712.3,745.4,703.7,608.1,592.3,538.7,517.8,555.4,482.9,415.9,391.8,613.1,904.2,1212.2,1388.6,1388.5,1405.1,1288.5,1207.7,1206.2,1125.2,1144.7,1097.8,998.2,890.0,737.7,630.0,496.8,450.0,391.5,352.7,368.0,379.3,432.2,425.2,465.7,495.3,540.9,600.9,532.2,529.3,504.2,464.4,508.5,487.8,543.6,561.3,639.9,692.9,704.0,749.9,690.1,678.2,601.5,534.3,568.7,530.3,559.5,597.5,688.3,679.7,737.4,708.0,642.7,601.2,496.7,454.0,475.5,459.6,508.2,579.7,640.7,632.6,668.7,635.0,592.6,549.0,484.0,455.3,475.9,466.3,547.9,583.9,600.5,616.6,637.6,597.7
10023,Manhattan,680.2,687.3,724.3,773.0,734.3,766.2,706.9,614.1,522.0,517.8,503.6,489.4,503.9,493.9,534.2,533.6,581.3,643.8,667.6,685.0,632.5,670.5,554.8,519.1,553.9,584.5,623.5,631.8,696.6,749.4,738.5,750.7,643.1,609.9,619.6,579.3,610.9,607.0,669.5,702.1,738.2,755.2,793.3,774.3,765.6,781.0,716.6,760.4,750.7,758.5,807.4,789.4,880.3,991.4,1046.5,967.3,866.1,821.9,736.2,705.3,783.3,745.3,851.6,911.2,970.5,1060.7,1119.3,1035.2,902.5,858.7,783.0,776.2,797.8,799.4,856.7,872.5,976.3,1085.5,1102.6,1134.2,1014.6,978.2,928.6,856.1,897.0,868.0,960.8,967.3,1114.5,1188.6,1164.4,989.8,902.8,905.7,855.8,749.4,825.2,784.2,825.5,884.1,949.5,984.6,1009.8,1018.5,853.2,837.7,748.5,653.7,701.1,654.1,696.3,749.8,831.0,892.2,930.5,868.0,720.8,675.3,603.2,554.8,611.2,567.7,535.5,526.8,841.9,1234.7,1625.5,1749.6,1752.8,1791.4,1558.5,1435.1,1412.2,1324.2,1318.8,1207.9,1115.1,1050.4,959.8,781.0,581.3,489.1,423.1,383.7,410.5,411.5,477.8,499.7,555.2,630.5,658.6,660.5,603.8,564.5,538.4,493.6,553.5,536.5,592.5,580.0,698.9,771.0,796.5,787.1,681.1,670.8,615.7,539.4,569.3,543.9,538.1,566.4,691.1,742.7,797.4,700.1,630.5,576.7,492.3,426.3,473.3,453.7,493.0,550.6,632.8,689.8,722.1,659.5,589.3,514.2,447.2,397.3,417.6,401.5,480.4,533.9,580.9,662.1,685.3,626.4
10024,Manhattan,552.0,559.3,591.1,629.6,594.5,620.2,573.7,497.2,422.1,419.5,408.0,396.1,408.4,401.0,434.8,434.5,474.0,522.9,540.5,555.9,510.6,541.4,448.7,419.4,445.8,473.2,506.5,516.8,568.0,612.5,607.9,616.6,521.5,493.7,500.9,470.1,496.6,492.8,544.2,571.3,600.9,618.4,655.3,639.6,623.0,633.3,581.8,617.0,614.6,616.8,657.9,647.3,729.2,816.4,863.9,796.0,708.4,673.0,603.5,579.2,643.1,611.1,697.2,751.8,799.9,876.5,926.1,858.9,747.9,709.2,648.5,640.9,659.1,658.4,705.5,721.0,809.1,901.6,917.8,945.4,843.3,813.3,771.7,709.4,743.9,717.1,788.0,794.4,917.9,988.0,970.0,823.9,753.1,754.1,707.6,617.0,681.2,646.6,680.9,727.8,784.9,821.4,843.1,846.2,702.3,693.6,619.3,542.2,585.7,541.3,578.3,624.4,691.8,746.4,783.2,727.3,595.9,558.3,498.1,461.8,506.0,471.4,447.1,437.4,697.7,1025.6,1347.1,1454.6,1452.8,1484.1,1290.8,1189.1,1167.9,1091.4,1092.3,1005.1,933.2,884.7,801.6,646.6,478.0,403.8,350.5,320.4,339.7,339.6,394.3,418.3,466.6,527.8,550.4,548.3,497.9,467.7,446.9,407.8,457.3,441.3,490.1,480.1,581.3,644.5,667.2,656.4,565.0,553.8,511.6,451.7,475.2,448.9,447.5,477.7,578.4,624.4,676.9,592.7,527.8,482.1,412.4,358.4,397.4,378.1,414.2,468.3,544.9,588.9,614.4,557.5,495.6,429.8,374.4,333.7,348.9,336.0,402.0,451.7,495.4,566.5,585.8,532.7
10025,Manhattan,811.6,823.5,871.5,927.4,873.1,910.7,843.6,730.2,619.5,616.2,599.3,581.5,600.1,589.6,640.2,639.8,698.6,769.1,793.7,817.2,748.8,793.9,658.6,615.3,652.7,694.8,745.1,762.8,837.2,903.6,900.0,911.9,766.4,724.9,735.0,691.2,730.8,724.7,800.8,841.2,884.8,913.2,971.9,948.5,917.2,930.8,855.7,907.2,907.5,907.7,969.2,956.6,1083.0,1209.0,1280.8,1178.4,1045.6,993.7,891.8,856.5,951.1,903.1,1029.5,1114.2,1185.0,1300.2,1374.6,1276.5,1110.9,1051.8,963.1,950.4,977.6,975.1,1044.7,1069.6,1201.8,1340.7,1366.3,1408.3,1254.5,1210.0,1147.8,1053.6,1105.3,1063.5,1164.5,1174.8,1359.4,1469.8,1444.4,1226.3,1122.1,1122.7,1050.0,913.6,1009.9,958.2,1009.1,1077.5,1164.6,1223.9,1256.8,1258.6,1039.8,1029.8,919.3,805.6,873.3,803.6,860.0,929.6,1029.9,1113.7,1172.0,1085.9,884.2,828.4,738.6,687.5,751.2,700.9,666.5,650.4,1036.3,1525.1,2000.9,2164.0,2158.1,2204.0,1916.7,1766.0,1733.0,1616.8,1622.0,1495.9,1392.5,1324.2,1195.0,960.1,707.5,598.8,520.6,477.6,504.3,503.5,584.5,624.4,697.9,787.8,820.9,815.1,737.8,694.7,664.3,604.9,678.4,653.2,727.4,712.8,865.0,961.2,996.1,978.0,839.6,821.1,760.9,674.2,708.4,665.5,665.9,715.4,863.2,933.8,1016.8,889.4,787.8,719.0,615.8,536.0,594.0,563.1,619.3,704.2,824.0,886.9,924.1,836.0,741.3,640.9,558.8,498.9,520.2,501.4,599.9,677.5,745.9,854.2,882.9,800.9
10026,Manhattan,136.0,125.9,109.9,102.2,92.5,105.8,99.2,99.0,81.1,88.9,82.5,74.9,78.8,79.7,94.8,102.9,101.8,96.6,98.8,96.6,99.6,99.6,94.1,87.6,110.4,110.2,117.2,113.2,138.8,148.1,153.3,155.5,138.8,156.8,148.4,156.9,159.4,158.4,143.7,181.1,210.0,221.0,205.6,176.8,162.3,191.2,186.4,180.2,202.0,189.9,201.0,202.4,234.6,226.6,255.3,267.4,237.8,223.8,221.2,220.4,232.3,239.6,252.9,253.6,253.8,284.7,296.5,272.6,261.6,254.1,261.6,248.7,261.0,258.1,268.2,265.5,316.7,356.2,358.1,371.5,341.5,327.2,333.2,293.8,313.8,309.6,344.8,321.6,364.9,406.4,398.5,277.0,236.5,239.8,215.0,189.5,211.2,218.5,235.1,254.8,294.5,326.2,330.0,320.4,283.7,295.1,273.7,242.7,270.9,266.2,283.0,302.3,312.1,317.7,318.5,283.9,245.1,223.8,202.6,173.5,205.2,189.4,173.7,133.6,240.8,362.6,469.2,548.5,532.3,535.4,446.7,431.5,440.8,400.5,407.1,404.5,407.7,406.2,390.1,365.1,289.2,263.6,229.8,187.7,184.6,167.1,176.1,179.9,195.9,214.6,243.7,248.7,231.4,232.5,219.5,190.9,201.2,176.9,219.3,204.0,246.4,239.6,238.4,269.5,244.2,267.8,249.2,213.9,225.0,223.7,209.3,226.9,267.4,275.9,283.3,272.7,248.4,229.2,206.6,191.7,200.6,183.4,209.2,212.1,255.0,250.6,262.3,249.5,213.7,215.5,211.7,189.2,190.5,181.4,208.3,202.4,225.6,243.5,229.8,213.0
10027,Manhattan,119.0,114.9,112.1,105.1,87.8,96.2,96.1,89.6,68.2,79.8,78.4,71.4,76.2,78.0,95.9,99.7,105.2,97.7,91.5,92.5,83.3,86.1,81.9,77.6,92.0,94.6,107.4,111.9,127.2,141.0,154.3,151.7,119.2,126.4,123.8,135.4,148.8,142.0,134.0,167.5,190.3,216.3,222.4,188.1,154.8,174.1,169.3,161.8,194.1,177.0,188.3,191.4,241.0,236.9,274.4,274.0,224.0,220.8,218.5,210.4,229.8,238.4,250.2,267.6,265.5,291.5,320.1,309.4,275.3,255.7,261.5,250.5,257.7,251.3,260.3,261.7,308.7,350.6,367.5,385.3,351.9,324.7,323.7,286.5,309.3,294.1,324.3,320.4,357.4,397.3,403.2,301.3,265.0,259.5,237.2,207.1,229.2,236.3,253.8,268.5,315.1,347.9,373.7,355.9,306.6,325.9,293.2,265.4,306.1,265.4,272.1,298.1,319.2,337.2,362.2,320.3,242.8,236.7,214.3,193.6,213.7,196.9,189.8,150.2,247.5,387.8,510.7,603.6,576.6,576.5,479.2,452.3,450.4,406.9,430.4,433.4,450.5,451.8,419.5,378.6,286.2,254.5,226.6,196.6,185.4,161.5,170.5,191.2,218.7,231.6,256.9,251.4,225.7,225.9,215.3,193.5,200.0,187.5,229.0,222.9,262.0,270.4,283.0,303.5,253.1,257.2,248.9,224.0,224.1,209.8,208.5,237.9,276.5,289.1,323.5,304.0,258.3,244.8,215.0,202.1,210.1,182.9,215.6,236.9,298.6,308.1,334.5,299.6,256.6,244.5,221.3,208.1,202.6,194.6,229.0,244.6,261.6,302.4,295.9,269.8
10028,Manhattan,558.4,580.0,579.6,552.2,532.3,578.3,565.0,563.3,484.9,508.1,495.0,527.0,536.1,501.2,561.7,523.5,520.6,538.1,538.3,542.3,477.4,456.2,428.8,403.4,441.6,435.4,492.4,506.1,525.5,568.1,591.5,581.4,495.5,486.9,467.6,433.6,480.9,448.0,493.7,560.8,593.7,597.7,664.4,702.6,608.3,650.7,593.3,567.4,597.7,612.9,623.5,631.5,710.3,704.6,742.1,713.0,695.1,657.3,595.9,551.3,585.3,556.6,629.9,660.0,703.5,748.5,763.1,734.4,679.4,703.0,653.1,585.8,627.5,636.3,705.0,739.7,819.4,879.9,895.8,891.6,830.0,800.8,749.8,682.9,731.3,693.7,746.5,747.0,824.0,867.5,840.6,697.5,671.4,696.6,633.0,556.2,609.6,594.6,631.5,668.1,722.9,758.0,762.4,743.6,634.6,648.9,579.2,501.2,538.5,537.9,604.3,655.1,700.1,690.9,720.5,659.5,586.9,538.3,457.3,399.0,433.6,388.2,361.4,324.8,553.1,823.6,1134.5,1277.3,1303.8,1349.3,1241.1,1135.1,1162.5,1052.3,1114.4,1060.3,969.7,974.2,913.0,764.2,572.5,470.5,378.0,300.3,303.6,287.5,327.9,356.4,410.7,505.8,518.0,533.9,491.5,461.7,449.5,395.7,437.0,373.1,414.0,449.8,534.1,586.9,631.3,652.9,564.6,564.4,494.8,431.2,456.2,425.9,430.8,464.6,510.3,529.3,624.0,603.2,542.5,489.9,398.5,348.9,355.7,320.4,350.4,405.2,470.1,483.8,525.3,466.3,444.9,414.7,344.2,312.2,312.2,301.2,366.7,370.3,389.0,430.6,452.4,419.3
10029,Manhattan,85.7,81.2,91.6,73.8,81.9,96.8,111.7,113.2,85.7,72.3,64.1,65.6,69.3,72.3,68.5,73.8,81.9,86.4,89.4,136.3,96.1,88.7,87.2,82.7,81.9,115.5,119.9,114.0,117.7,141.5,119.9,123.7,111.0,108.0,108.0,105.0,156.4,141.5,146.0,141.5,163.9,160.2,187.7,198.9,191.5,204.1,214.6,192.9,182.5,205.6,238.4,268.9,296.5,312.9,342.7,366.5,337.5,323.3,272.7,262.2,295.0,292.0,326.3,362.8,350.1,348.6,445.5,472.3,398.6,341.9,327.8,310.7,302.5,306.2,323.3,357.6,367.3,372.5,400.1,399.3,348.6,298.7,283.8,248.8,272.7,265.2,274.9,269.7,321.1,383.7,382.9,354.6,381.4,393.3,350.9,272.7,288.3,299.5,321.1,327.0,364.3,362.1,386.6,408.2,338.2,389.6,347.2,295.8,321.1,292.0,330.8,354.6,402.3,375.5,347.9,366.5,312.9,292.8,253.3,218.3,254.8,228.0,205.6,190.7,294.3,397.8,468.6,508.1,523.7,545.3,504.3,444.0,446.2,409.0,452.2,445.5,455.9,499.1,490.9,450.0,375.5,365.8,336.7,281.6,271.2,220.5,231.7,263.0,301.0,286.8,326.3,326.3,283.1,254.8,250.3,235.4,291.3,245.8,281.6,254.0,353.9,371.0,417.2,435.8,400.1,419.4,379.2,304.0,318.1,303.2,308.4,311.4,336.0,381.4,369.5,365.8,359.8,330.0,273.4,228.0,229.5,215.3,244.4,254.0,277.1,290.5,374.7,336.0,326.3,301.7,243.6,207.1,224.2,221.3,259.3,252.5,264.5,280.9,316.6,316.6
10030,Manhattan,98.6,91.4,78.9,72.9,66.7,76.1,71.2,71.9,59.0,64.9,59.9,54.7,57.6,58.4,69.1,75.0,74.6,70.5,72.1,70.1,73.6,73.1,69.4,64.5,81.0,81.5,86.5,83.3,101.5,107.3,113.2,114.9,103.3,116.5,109.3,115.8,118.0,116.4,106.3,135.0,156.7,164.5,152.4,130.4,120.7,141.5,138.1,134.0,150.6,142.3,149.8,150.6,174.4,168.2,189.5,199.1,176.5,166.9,167.0,167.0,176.1,180.9,190.2,189.8,189.4,211.3,221.3,202.9,194.9,189.7,195.7,186.4,195.6,194.3,201.5,199.9,236.6,266.0,267.5,276.8,254.6,244.0,248.8,220.5,236.2,234.1,260.9,243.0,275.0,304.3,298.4,207.5,177.2,180.7,161.7,142.2,158.2,163.7,176.5,192.0,220.6,244.5,249.5,241.2,213.8,223.8,207.5,183.0,205.1,201.2,213.7,228.2,234.1,238.8,238.7,213.8,184.8,168.4,152.4,130.5,153.7,141.7,129.2,99.1,179.7,270.3,351.6,413.0,402.5,404.8,337.2,324.6,331.5,301.7,307.7,305.2,308.0,308.1,297.3,279.5,223.2,204.6,179.0,146.3,143.1,129.3,136.5,136.6,147.5,160.3,181.9,186.7,174.2,174.5,164.5,142.9,150.8,133.5,164.6,152.8,184.4,180.2,180.5,204.9,184.5,202.1,187.4,160.6,169.8,167.8,156.8,169.2,199.4,205.5,211.0,205.0,187.6,172.6,155.2,143.7,150.4,137.1,157.7,158.6,189.5,185.6,195.8,186.6,161.2,162.5,159.5,143.2,145.3,138.3,157.2,150.9,167.7,180.3,170.1,158.3
10031,Manhattan,79.8,87.2,80.7,78.5,90.2,81.6,77.2,80.2,68.5,75.5,67.7,74.2,78.1,82.4,84.6,81.1,103.7,102.8,100.2,94.6,109.3,104.1,96.7,91.1,87.2,108.9,117.5,115.4,105.9,94.2,152.7,152.3,142.3,133.2,109.8,113.3,135.0,108.1,138.0,178.4,197.4,205.2,203.1,167.9,174.8,165.3,159.7,175.3,201.3,211.7,204.4,194.4,231.3,240.8,268.6,266.4,209.7,227.9,266.9,270.0,299.5,280.4,284.3,281.7,275.6,271.7,327.2,298.6,264.3,254.8,256.1,259.1,265.2,284.2,285.5,303.3,298.6,335.9,351.6,346.4,317.7,297.3,298.2,296.9,336.4,347.7,388.9,377.1,408.9,395.0,397.2,318.1,287.7,309.0,279.5,235.7,255.2,251.8,277.8,313.4,321.7,349.0,427.5,387.2,336.9,386.3,344.2,280.9,341.6,293.4,299.9,323.3,313.0,347.6,353.8,342.9,273.5,254.4,229.2,209.2,211.0,193.1,164.1,138.9,248.2,370.1,538.5,664.7,690.3,692.4,571.4,504.6,499.4,471.6,514.6,486.0,494.2,517.3,515.9,489.5,417.9,401.0,368.0,317.7,289.9,259.1,283.9,231.4,229.7,216.2,227.5,250.8,238.2,220.0,201.4,179.3,196.2,213.9,227.0,216.6,250.4,289.9,333.7,371.8,285.5,281.6,249.1,215.7,242.6,203.1,196.6,198.3,236.1,243.9,274.7,297.3,279.9,251.3,206.6,180.6,194.5,164.5,220.0,209.6,228.3,230.5,289.0,267.3,269.9,249.1,217.0,218.3,246.5,235.6,235.2,206.1,205.3,221.3,225.2,222.2
10032,Manhattan,60.2,65.6,64.1,55.3,54.2,57.4,53.0,44.1,36.1,42.2,44.3,46.3,52.3,52.0,48.9,53.6,68.3,64.9,60.9,55.4,51.1,50.3,54.0,64.5,70.3,71.6,71.5,78.1,88.4,88.3,118.2,129.6,108.7,109.4,114.2,126.4,129.6,126.2,137.6,161.3,172.0,158.5,155.0,142.3,122.3,135.5,134.3,136.8,153.2,153.2,164.4,164.6,196.7,195.5,237.9,221.5,223.1,271.1,266.1,277.7,298.1,273.5,297.2,289.9,279.8,277.5,299.9,264.2,255.7,271.3,262.4,246.3,239.5,254.4,254.6,267.1,280.7,332.4,365.6,386.5,321.5,299.9,342.9,349.9,378.0,376.0,371.7,348.5,406.6,451.2,457.5,303.3,264.3,286.7,273.5,244.5,259.2,257.1,295.1,300.3,326.0,342.2,387.4,393.5,333.9,366.0,343.0,279.7,301.3,282.0,298.5,304.8,319.7,329.5,354.7,340.8,288.1,271.8,260.9,216.6,208.2,172.1,154.8,120.9,198.3,288.5,392.7,477.9,478.0,487.2,413.5,400.7,370.3,360.5,378.0,365.9,375.0,430.3,410.9,428.3,387.0,356.9,319.3,283.7,282.1,267.0,299.2,241.7,257.7,249.2,238.8,223.2,197.6,193.9,181.8,175.0,196.5,170.6,187.2,174.4,204.1,240.8,257.8,268.5,224.9,208.5,211.5,195.5,201.0,171.8,166.7,164.6,210.2,217.8,248.2,246.9,224.3,208.9,201.6,184.7,199.9,190.7,188.9,176.9,202.4,198.5,215.3,208.9,195.8,185.2,165.0,164.8,196.2,176.3,176.2,163.0,170.8,176.9,174.2,161.2
10033,Manhattan,40.6,44.1,43.8,37.1,35.0,38.3,35.4,28.0,22.4,26.8,29.5,30.4,34.7,34.1,31.8,35.6,45.3,42.7,39.4,35.7,30.6,30.7,34.3,43.0,48.0,46.8,46.3,51.6,60.3,61.7,79.8,88.6,73.0,74.3,80.3,89.6,90.8,90.2,96.4,111.6,118.3,107.8,105.4,97.8,81.4,93.1,92.5,92.7,103.5,102.8,112.2,113.0,135.0,133.5,165.0,152.4,157.8,194.2,186.7,195.0,208.9,192.0,210.3,204.8,197.0,195.3,208.9,183.9,179.2,191.7,184.9,172.3,166.2,176.1,176.2,184.0,195.0,232.4,257.7,274.6,226.5,210.6,244.1,249.5,268.5,265.5,259.6,243.1,285.4,320.7,325.9,212.2,183.7,199.0,192.2,173.3,183.1,182.2,209.7,210.8,230.9,240.4,270.1,278.3,236.6,257.5,242.2,198.1,210.1,197.8,209.5,212.6,226.0,230.5,250.4,240.3,203.7,193.5,186.9,153.8,147.0,120.0,108.9,84.1,135.5,196.9,265.2,321.8,319.3,326.3,278.1,273.4,250.0,244.7,254.8,248.0,254.8,295.8,281.0,297.3,269.7,246.6,220.1,196.7,197.7,187.9,210.7,170.6,183.9,178.3,169.6,155.3,136.1,134.5,126.6,123.7,138.7,117.6,129.5,120.6,140.6,165.8,175.8,181.0,153.4,140.5,145.8,136.1,137.6,118.4,115.0,113.2,146.2,151.0,172.8,169.8,153.1,144.0,141.6,130.8,141.3,136.3,130.1,122.2,141.1,139.2,148.9,144.8,134.0,127.2,113.3,113.4,135.2,120.2,120.8,113.3,118.4,122.9,120.4,110.4
10034,Manhattan,23.4,26.9,32.5,32.2,28.0,33.3,31.8,22.0,22.9,26.5,29.8,33.7,28.0,22.2,24.6,22.5,32.7,35.1,28.8,31.9,23.5,33.8,39.1,37.9,37.0,38.6,39.5,44.2,44.9,62.0,65.3,68.8,55.7,67.1,55.1,51.3,50.5,55.1,57.2,55.3,53.8,52.8,47.6,51.8,47.9,76.2,75.2,66.8,71.6,81.8,95.7,110.8,94.3,81.9,113.9,111.6,119.1,143.7,117.0,127.9,150.1,152.6,176.6,145.6,131.1,128.9,150.1,136.1,125.0,127.3,144.7,140.5,144.1,146.8,157.2,145.5,132.6,163.9,183.5,175.4,151.5,172.0,191.3,173.6,205.2,204.6,229.7,212.6,232.6,258.8,257.0,185.3,146.4,152.0,178.8,151.9,172.5,174.2,176.5,196.3,218.8,200.9,221.4,227.6,233.8,249.0,208.7,179.0,185.0,178.9,210.1,201.3,227.2,213.1,211.2,226.1,183.8,194.0,171.3,166.1,157.3,145.8,110.0,83.9,141.2,175.0,203.6,219.7,234.2,261.7,236.9,229.5,232.6,224.1,212.9,204.2,186.7,221.5,238.4,260.1,212.9,185.2,195.2,190.9,197.6,184.6,189.8,149.6,168.9,156.6,163.4,166.4,145.0,136.3,132.0,134.3,139.9,136.0,133.5,113.1,131.8,131.8,139.3,130.9,120.2,117.8,116.9,114.2,119.1,126.8,114.0,107.1,135.7,119.7,135.0,129.8,123.9,112.8,112.4,107.5,105.8,102.0,103.7,129.3,147.8,163.4,230.7,207.5,208.3,168.6,176.3,183.8,203.8,170.1,172.1,148.3,128.6,137.9,122.5,118.7
10035,Manhattan,15.7,14.9,16.8,13.5,15.0,17.7,20.5,20.7,15.7,13.2,11.7,12.0,12.7,13.2,12.6,13.5,15.0,15.8,16.4,25.0,17.6,16.2,16.0,15.2,15.0,21.2,22.0,20.9,21.6,25.9,22.0,22.7,20.3,19.8,19.8,19.2,28.7,25.9,26.8,25.9,30.0,29.3,34.4,36.4,35.1,37.4,39.3,35.4,33.4,37.7,43.7,49.3,54.3,57.3,62.8,67.2,61.8,59.2,50.0,48.0,54.1,53.5,59.8,66.5,64.2,63.9,81.6,86.5,73.0,62.6,60.1,56.9,55.4,56.1,59.2,65.5,67.3,68.2,73.3,73.2,63.9,54.7,52.0,45.6,50.0,48.6,50.4,49.4,58.8,70.3,70.2,65.0,69.9,72.1,64.3,50.0,52.8,54.9,58.8,59.9,66.7,66.3,70.8,74.8,62.0,71.4,63.6,54.2,58.8,53.5,60.6,65.0,73.7,68.8,63.7,67.2,57.3,53.6,46.4,40.0,46.7,41.8,37.7,34.9,53.9,72.9,85.9,93.1,96.0,99.9,92.4,81.3,81.8,74.9,82.9,81.6,83.5,91.4,89.9,82.4,68.8,67.0,61.7,51.6,49.7,40.4,42.4,48.2,55.1,52.5,59.8,59.8,51.9,46.7,45.9,43.1,53.4,45.0,51.6,46.5,64.8,68.0,76.4,79.8,73.3,76.8,69.5,55.7,58.3,55.6,56.5,57.1,61.6,69.9,67.7,67.0,65.9,60.5,50.1,41.8,42.0,39.4,44.8,46.5,50.8,53.2,68.7,61.6,59.8,55.3,44.6,37.9,41.1,40.5,47.5,46.3,48.5,51.5,58.0,58.0
10036,Manhattan,435.8,443.1,432.0,461.6,426.4,455.1,455.6,390.3,345.7,368.7,352.0,340.9,345.8,346.8,361.2,367.1,396.9,409.4,387.3,419.0,397.1,389.4,385.8,375.5,415.0,427.1,454.7,445.0,459.9,498.5,505.8,494.8,452.5,441.9,456.4,436.7,475.7,466.8,512.5,546.2,545.9,548.8,581.6,596.5,533.5,552.1,521.3,521.8,566.3,565.9,605.2,603.0,662.5,624.8,653.3,664.7,618.8,662.9,621.6,623.0,659.6,691.9,708.2,750.9,682.7,751.7,751.3,751.8,696.9,724.4,712.0,687.8,710.7,719.4,784.7,782.5,794.0,857.5,850.0,882.0,825.6,792.6,800.7,727.6,803.1,754.3,849.0,849.5,921.1,909.5,889.6,773.0,689.4,724.0,690.1,656.3,694.2,653.5,686.2,723.0,764.0,782.4,763.8,785.8,659.0,724.6,669.7,652.5,711.6,632.7,676.0,729.0,764.3,753.8,757.5,701.5,637.1,643.1,573.3,550.8,600.6,556.7,509.4,501.2,686.3,966.3,1246.3,1326.6,1322.5,1330.3,1205.1,1103.4,1122.7,1010.6,1062.6,1010.6,928.0,827.6,690.8,601.1,473.9,440.5,373.9,325.8,333.4,369.9,429.7,401.6,446.8,466.7,527.0,584.1,500.9,524.2,515.6,503.7,559.8,517.7,584.3,586.6,666.2,718.1,729.8,731.9,665.7,652.9,590.1,571.5,596.4,545.8,592.3,613.3,668.2,690.3,734.4,702.1,638.2,642.2,555.5,499.1,551.7,503.0,562.5,606.6,662.0,674.3,721.1,665.7,595.4,589.4,528.8,496.5,543.8,513.4,555.9,608.4,636.7,669.6,699.1,632.0
10037,Manhattan,48.8,45.3,41.8,37.2,35.5,41.2,41.3,41.7,33.2,33.8,30.9,28.9,30.5,31.2,35.0,38.0,38.6,37.5,38.5,43.6,39.7,38.7,37.1,34.7,41.3,45.3,47.8,45.7,53.6,59.1,57.9,59.0,52.9,57.9,55.5,57.6,64.7,62.6,58.7,68.9,80.1,82.7,81.5,74.5,69.5,79.6,79.6,75.0,80.0,79.4,86.6,90.8,103.3,102.8,114.7,121.5,109.6,103.8,96.9,95.4,102.8,104.7,112.6,117.1,115.4,124.0,139.4,135.9,123.9,114.8,115.4,109.5,112.0,111.7,116.6,120.0,135.9,147.7,151.6,155.3,140.6,130.3,130.3,114.7,123.4,121.4,132.8,125.3,143.9,163.5,161.1,122.5,114.3,116.7,104.4,87.5,95.6,99.3,106.7,113.1,129.1,137.8,141.9,141.9,123.0,132.7,121.4,106.2,117.3,112.6,122.2,130.6,139.2,137.3,133.8,126.3,108.9,100.2,89.3,76.5,90.2,82.3,75.0,61.4,104.9,152.3,191.3,219.0,216.3,219.8,189.4,177.8,180.9,164.7,172.0,170.6,173.0,178.0,172.7,161.0,130.1,121.6,108.2,89.0,86.8,75.4,79.2,84.1,93.3,96.8,110.2,111.7,101.5,98.3,94.0,84.0,93.8,81.1,97.8,89.8,114.4,114.2,119.6,131.1,119.6,129.0,118.6,99.0,104.0,101.9,98.3,103.6,118.2,126.2,126.5,123.3,115.8,106.6,93.2,83.3,85.9,79.3,90.3,92.0,107.0,107.3,121.2,112.9,101.5,99.3,91.1,80.1,82.6,79.6,92.0,89.1,97.2,104.1,104.5,99.9
10038,Manhattan,273.7,281.3,269.3,259.5,237.4,245.1,239.7,244.7,233.0,238.6,238.7,242.3,258.7,245.6,271.5,272.7,266.8,294.5,294.1,304.7,300.6,286.8,305.8,288.1,309.5,297.3,339.5,337.7,345.3,345.8,354.2,352.9,311.4,343.7,324.4,340.8,393.0,415.1,453.4,472.8,487.8,475.2,484.4,487.3,470.8,499.5,402.2,418.6,417.4,418.8,448.3,493.2,499.2,448.1,448.4,454.9,404.1,383.0,363.1,359.8,382.2,348.8,380.7,379.9,413.6,429.8,418.6,422.2,386.1,397.6,355.5,347.5,370.0,390.4,410.7,435.6,429.5,442.3,428.6,461.1,403.7,395.5,372.9,359.1,387.9,396.2,426.1,428.0,456.5,468.6,428.9,399.0,376.3,367.6,358.1,336.7,361.9,327.5,326.2,343.6,358.9,357.0,369.5,358.8,315.8,313.7,290.8,263.2,307.3,282.0,329.2,341.6,390.7,386.3,377.9,361.0,341.8,325.0,281.0,248.5,268.0,244.8,235.2,226.0,346.1,461.6,594.1,670.3,680.9,666.3,605.5,550.2,557.6,523.2,525.6,479.9,409.6,369.3,296.9,255.1,212.0,218.6,196.2,174.3,191.4,183.1,210.7,186.3,218.4,242.8,287.1,295.2,281.3,303.7,299.5,277.0,295.1,259.8,286.9,281.2,310.3,316.8,322.4,375.7,342.5,336.5,309.3,299.8,325.9,319.8,319.0,323.9,334.4,335.7,358.5,328.7,305.7,325.6,309.6,286.5,304.7,266.4,310.8,334.1,337.5,327.8,355.8,364.4,326.9,335.9,281.1,268.2,299.3,295.1,328.4,338.9,364.8,378.4,380.4,377.8
10039,Manhattan,63.5,58.5,50.4,46.5,42.1,48.5,45.5,45.8,37.4,41.2,38.2,34.5,36.4,36.8,43.9,47.9,47.1,44.4,45.4,44.2,46.1,45.9,43.6,40.6,51.7,51.4,54.5,52.4,64.7,68.9,71.4,72.4,65.0,73.9,69.8,74.1,75.1,74.7,67.3,85.3,99.2,104.4,96.5,82.6,75.9,90.0,87.9,84.7,95.1,89.4,94.5,95.2,110.2,105.9,119.6,125.9,112.1,105.5,104.6,104.3,109.7,113.5,119.6,119.4,119.3,133.8,139.3,127.9,123.2,119.9,123.8,117.6,123.5,122.1,126.8,125.3,149.7,168.3,169.1,175.5,161.5,154.7,157.9,139.1,148.6,146.8,163.8,152.4,172.7,192.3,188.5,130.2,110.8,112.5,100.8,89.0,99.1,102.9,110.8,120.2,139.1,154.1,155.8,151.2,134.4,139.9,129.9,115.2,128.5,126.7,134.6,143.6,148.0,150.3,150.3,134.0,116.1,105.9,95.9,81.8,97.1,89.5,82.0,62.6,113.3,170.8,220.9,258.8,251.0,252.4,210.3,203.5,208.2,189.1,192.1,191.2,193.0,192.4,185.3,174.3,138.4,126.2,110.0,89.6,88.1,79.6,83.7,85.2,92.6,101.4,115.5,118.0,110.0,110.6,104.4,90.8,95.5,83.8,104.1,96.7,116.7,112.9,112.2,127.5,115.8,127.4,118.5,101.5,106.8,106.5,99.4,107.6,126.8,130.6,133.6,129.1,117.9,108.8,98.2,91.2,95.3,87.1,99.4,100.3,120.5,118.2,123.8,118.0,101.1,102.4,100.9,90.1,90.8,86.4,99.1,95.8,106.7,114.8,108.0,100.3
10040,Manhattan,39.1,42.6,42.6,36.3,34.2,37.5,34.7,27.3,22.1,26.4,29.1,30.1,33.9,33.0,31.0,34.4,44.0,41.7,38.3,34.9,29.8,30.4,34.0,42.1,46.7,45.7,45.2,50.4,58.7,60.8,77.9,86.3,71.1,72.8,77.9,86.4,87.5,87.2,93.0,107.2,113.4,103.4,101.0,94.1,78.5,90.9,90.2,90.0,100.4,100.2,109.8,111.2,131.0,128.9,160.1,148.2,153.5,188.9,180.5,188.8,202.9,187.2,205.5,198.8,190.9,189.1,202.9,178.8,173.8,185.7,180.2,168.2,162.6,172.1,172.7,179.4,189.0,225.6,250.3,265.7,219.4,205.5,237.8,242.0,261.4,258.6,254.3,238.0,278.5,312.9,317.7,207.7,179.2,193.7,188.7,169.6,179.9,179.1,205.0,206.9,226.8,234.8,263.7,271.7,232.9,253.2,236.9,194.2,205.7,193.9,206.4,208.9,222.7,226.2,244.7,236.0,199.7,190.7,183.3,152.1,145.3,119.5,107.3,82.8,133.7,192.9,258.3,312.0,310.4,318.2,271.9,267.1,245.4,240.0,248.9,242.1,247.7,287.7,274.8,291.1,262.9,240.0,215.6,193.5,194.7,184.9,206.6,167.0,180.5,174.6,166.7,153.5,134.5,132.6,125.0,122.4,136.7,116.7,127.8,118.4,138.1,161.6,171.4,175.8,149.5,137.3,142.2,133.0,134.6,117.0,113.3,111.2,143.5,147.3,168.4,165.3,149.4,140.3,138.1,127.7,137.4,132.6,126.9,120.7,139.3,138.3,150.7,145.8,135.7,127.4,114.7,115.1,136.5,120.9,121.6,113.3,117.1,121.8,118.7,109.2
10044,Manhattan,141.9,148.7,149.5,142.3,135.3,147.4,147.5,145.5,126.2,131.0,128.9,136.2,138.2,129.7,147.3,137.4,134.1,138.8,137.3,139.7,125.1,119.5,112.0,105.6,112.8,112.2,124.5,129.4,134.9,146.0,153.3,147.3,125.6,122.6,122.0,112.6,125.1,113.7,126.2,143.9,154.2,153.8,171.3,179.0,156.7,166.7,152.3,145.3,153.2,156.1,156.9,160.4,180.4,179.0,188.2,183.2,177.4,169.9,152.6,142.1,149.7,143.7,164.8,166.2,179.1,191.3,196.8,190.5,179.5,185.1,174.2,154.9,164.0,163.9,184.6,190.0,208.4,226.2,229.6,228.0,215.6,207.8,194.6,176.5,195.2,186.4,200.0,194.6,211.7,222.1,212.7,179.9,174.1,179.5,163.1,142.9,159.5,157.1,167.1,176.3,193.7,202.8,202.5,195.8,169.8,172.6,155.0,135.7,146.2,148.0,163.1,175.7,193.2,188.3,191.7,177.0,154.8,141.0,119.1,106.8,116.9,105.2,99.6,90.4,148.2,219.9,297.9,330.9,337.4,347.8,319.4,294.0,302.1,275.6,289.0,278.6,257.3,260.3,241.4,200.1,153.3,126.4,99.0,80.2,81.6,78.5,90.1,96.7,110.7,134.0,136.8,143.1,129.8,123.4,119.9,108.5,118.4,102.4,113.1,121.0,139.5,154.3,166.9,172.4,149.7,155.8,130.7,110.8,119.9,114.3,114.6,121.1,132.6,136.2,159.8,156.0,142.6,130.1,107.9,94.4,99.6,89.7,102.0,115.2,130.7,133.7,146.1,125.7,120.5,111.5,92.9,84.5,86.7,84.5,100.9,101.9,106.3,116.1,124.1,114.6
10065,Manhattan,335.8,350.7,351.6,334.8,320.2,348.4,345.2,342.0,295.6,308.1,301.9,320.0,325.1,304.5,343.9,320.8,315.5,326.5,324.5,328.7,292.2,279.2,261.9,246.8,266.4,263.9,295.3,305.5,317.9,343.9,359.8,349.1,297.6,291.3,285.5,264.1,293.1,269.2,298.0,339.1,361.6,362.0,402.9,423.2,368.7,393.2,358.9,342.8,361.3,369.1,372.9,379.7,427.0,423.7,445.7,431.5,419.0,399.2,360.0,334.3,353.3,337.9,385.3,394.8,423.5,451.7,462.8,446.9,417.9,431.6,403.9,360.5,383.6,385.7,431.3,447.7,493.1,532.7,541.4,538.2,505.5,487.4,456.5,414.8,452.5,430.9,462.9,455.7,498.7,524.0,504.4,423.1,408.5,422.3,383.7,336.6,372.8,365.7,388.8,410.6,448.3,469.6,470.3,456.4,393.2,400.7,359.0,312.6,336.5,338.7,376.4,406.5,441.8,432.8,444.9,409.3,360.6,329.5,278.9,247.3,269.8,242.3,227.8,206.0,342.9,509.6,695.3,776.7,792.3,818.1,751.9,690.2,708.2,643.9,678.0,650.0,598.0,603.2,561.7,467.5,354.8,292.2,231.4,185.9,188.6,180.3,206.4,222.7,255.6,311.6,318.5,331.1,302.2,285.8,278.0,248.7,272.7,234.7,259.7,279.5,326.3,359.9,388.4,401.4,348.0,356.2,304.3,261.0,279.7,264.3,266.0,283.5,310.8,320.6,377.0,366.4,332.6,302.2,248.7,217.6,226.3,203.9,228.2,260.2,297.9,305.5,333.0,290.2,277.6,257.7,214.4,194.8,197.7,191.9,230.9,233.2,244.0,268.0,284.4,263.0
10069,Manhattan,55.4,56.0,59.0,63.0,59.8,62.4,57.6,50.0,42.5,42.2,41.0,39.9,41.0,40.2,43.5,43.5,47.3,52.4,54.4,55.8,51.5,54.6,45.2,42.3,45.1,47.6,50.8,51.5,56.7,61.0,60.2,61.1,52.4,49.7,50.5,47.2,49.8,49.4,54.5,57.2,60.1,61.5,64.6,63.1,62.4,63.6,58.4,61.9,61.2,61.8,65.8,64.3,71.7,80.7,85.2,78.8,70.5,67.0,60.0,57.5,63.8,60.7,69.4,74.2,79.1,86.4,91.2,84.3,73.5,70.0,63.8,63.2,65.0,65.1,69.8,71.1,79.5,88.4,89.8,92.4,82.7,79.7,75.7,69.7,73.1,70.7,78.3,78.8,90.8,96.8,94.9,80.6,73.5,73.8,69.7,61.1,67.2,63.9,67.3,72.0,77.4,80.2,82.3,83.0,69.5,68.3,61.0,53.3,57.1,53.3,56.7,61.1,67.7,72.7,75.8,70.7,58.7,55.0,49.1,45.2,49.8,46.3,43.6,42.9,68.6,100.6,132.4,142.5,142.8,145.9,127.0,116.9,115.0,107.9,107.4,98.4,90.9,85.6,78.2,63.6,47.4,39.9,34.5,31.3,33.4,33.5,38.9,40.7,45.2,51.4,53.7,53.8,49.2,46.0,43.9,40.2,45.1,43.7,48.3,47.3,56.9,62.8,64.9,64.1,55.5,54.7,50.2,44.0,46.4,44.3,43.9,46.2,56.3,60.5,65.0,57.1,51.4,47.0,40.1,34.7,38.6,37.0,40.2,44.9,51.6,56.2,58.8,53.7,48.0,41.9,36.4,32.4,34.0,32.7,39.2,43.5,47.3,54.0,55.8,51.0
10075,Manhattan,274.5,286.2,286.7,273.0,261.8,284.7,280.8,278.7,240.7,251.2,245.7,260.8,265.1,248.2,279.6,260.7,257.3,266.2,265.1,268.1,237.6,227.0,213.1,200.7,217.6,215.2,241.6,249.5,259.4,280.6,293.1,285.5,243.4,238.5,232.3,215.1,238.6,220.1,243.3,276.8,294.4,295.3,328.5,345.8,300.7,320.9,292.9,279.8,294.9,301.6,305.4,310.4,349.1,346.4,364.5,352.0,342.3,325.4,293.9,272.6,288.5,275.4,313.3,323.3,346.1,368.8,377.4,364.0,339.3,350.6,327.3,292.6,312.0,314.5,350.7,365.2,403.0,434.6,441.9,439.5,411.6,397.0,371.8,338.0,366.7,348.8,374.8,370.9,406.9,427.8,412.6,345.0,332.7,344.4,312.9,274.7,303.2,296.9,315.5,333.4,363.0,380.4,381.5,370.8,318.5,324.9,290.7,252.7,271.9,273.0,304.4,329.1,355.9,349.4,360.8,331.4,292.9,267.9,227.0,200.3,218.3,195.8,183.6,165.7,277.7,413.0,565.1,632.8,645.6,667.1,613.2,562.3,576.7,523.6,552.3,528.2,485.1,488.7,456.0,380.2,287.4,236.5,188.1,150.6,152.6,145.5,166.4,179.9,206.7,252.8,258.6,268.1,245.3,231.6,225.3,200.5,220.4,189.2,209.6,226.2,265.4,292.5,315.3,325.9,282.3,286.9,247.1,212.9,227.3,214.0,215.7,230.7,253.1,261.5,307.7,298.6,270.3,245.1,201.0,175.9,181.9,163.8,182.1,208.5,239.7,246.0,267.9,234.8,224.4,208.5,173.4,157.5,159.1,154.1,186.1,188.0,196.9,216.8,229.4,212.3
10128,Manhattan,663.8,689.2,689.1,656.1,632.8,687.7,672.5,670.4,576.7,603.7,588.1,626.0,636.8,595.6,667.1,622.1,619.0,639.8,640.1,646.4,568.2,542.9,510.4,480.2,525.4,519.2,586.8,602.8,625.9,677.1,704.1,692.2,590.1,579.8,557.1,516.8,574.4,535.0,589.2,668.5,708.2,712.8,792.6,838.2,726.3,776.9,709.3,678.0,713.5,732.3,745.9,756.4,850.6,844.3,889.7,856.0,833.9,788.7,714.4,661.3,702.6,668.5,756.4,793.2,844.3,897.5,918.0,884.9,817.4,843.5,783.9,703.6,752.8,763.3,845.2,887.4,982.0,1053.8,1073.5,1068.5,994.0,957.8,896.9,816.6,874.6,829.9,892.7,893.1,986.0,1039.5,1007.6,837.3,807.4,837.6,760.9,667.4,731.1,713.7,758.1,801.7,867.7,909.2,915.2,893.7,762.3,781.0,697.0,603.1,648.1,646.3,726.3,787.2,842.1,830.2,864.3,792.8,705.0,646.9,549.6,479.5,521.7,467.0,434.6,390.8,664.4,988.0,1358.3,1528.7,1560.6,1615.2,1485.7,1358.3,1390.8,1259.1,1334.0,1269.7,1162.9,1169.6,1096.9,919.4,690.1,569.1,458.6,364.8,368.3,347.6,395.8,430.5,496.1,608.3,623.9,642.8,591.1,554.9,540.4,476.1,526.9,449.8,499.4,540.8,643.9,707.0,761.0,787.2,681.5,681.9,598.2,520.5,550.5,514.2,520.1,560.2,615.1,639.1,750.8,726.1,654.1,590.9,480.8,420.5,428.6,386.4,422.9,488.0,565.6,582.2,634.2,563.1,537.4,500.8,415.5,376.4,377.0,363.8,442.7,446.6,469.3,518.9,546.0,506.8
10280,Manhattan,164.2,169.3,160.4,153.2,138.0,143.4,140.2,144.4,135.8,141.0,140.6,144.4,153.2,145.6,162.2,162.8,158.4,174.9,173.7,180.1,179.5,170.3,184.1,174.3,186.7,178.1,203.0,201.1,204.6,205.6,211.4,211.8,186.3,206.4,195.9,206.0,239.1,252.3,274.1,286.2,293.6,285.4,291.0,294.0,283.8,298.8,239.1,250.5,248.5,249.9,262.7,293.6,296.8,263.7,262.3,266.7,235.6,223.2,214.4,211.2,223.6,205.6,221.8,222.0,242.9,252.5,241.1,242.5,227.0,233.0,207.6,205.4,219.4,231.4,241.5,252.9,245.1,254.3,244.9,263.7,228.8,226.4,212.6,204.6,220.4,223.4,237.4,241.3,255.7,264.7,244.5,224.4,210.8,206.2,200.5,191.9,207.8,185.7,184.9,194.7,201.7,204.6,211.0,204.0,180.1,179.3,166.3,150.6,175.3,158.4,186.3,189.9,213.8,214.2,208.6,202.2,192.1,183.9,157.8,141.0,151.0,136.2,130.8,129.6,195.1,255.7,326.1,367.4,367.6,364.8,334.1,305.8,312.9,293.0,296.0,268.7,232.0,206.8,163.2,142.6,120.7,126.3,111.9,99.9,110.7,104.3,122.1,105.1,124.5,138.0,165.9,169.7,158.2,175.7,175.9,161.2,170.7,149.2,164.2,159.2,174.3,176.7,182.3,214.8,196.7,193.5,178.1,176.1,192.3,188.5,186.9,190.3,195.1,195.9,207.2,189.3,175.3,188.1,178.3,165.7,177.3,156.8,184.3,196.5,196.7,191.9,209.6,214.2,193.3,196.7,163.8,159.2,178.5,178.3,196.5,202.6,218.8,224.0,225.0,224.8
10282,Manhattan,106.7,109.9,104.2,99.5,89.6,93.1,91.0,93.8,88.2,91.6,91.3,93.8,99.5,94.6,105.4,105.8,102.9,113.6,112.8,117.0,116.6,110.6,119.6,113.2,121.3,115.7,131.8,130.6,132.9,133.5,137.3,137.5,121.0,134.0,127.3,133.8,155.3,163.9,178.1,185.9,190.7,185.4,189.0,191.0,184.3,194.1,155.3,162.7,161.4,162.3,170.6,190.7,192.8,171.3,170.4,173.2,153.0,145.0,139.2,137.2,145.2,133.5,144.1,144.2,157.7,164.0,156.6,157.5,147.4,151.4,134.8,133.4,142.5,150.3,156.8,164.3,159.2,165.2,159.0,171.3,148.6,147.1,138.1,132.9,143.2,145.1,154.2,156.7,166.1,171.9,158.8,145.8,136.9,133.9,130.3,124.7,134.9,120.6,120.1,126.5,131.0,132.9,137.0,132.5,117.0,116.4,108.0,97.8,113.8,102.9,121.0,123.4,138.9,139.1,135.5,131.3,124.8,119.4,102.5,91.6,98.1,88.4,84.9,84.1,126.7,166.1,211.8,238.6,238.8,236.9,217.0,198.6,203.2,190.3,192.3,174.5,150.7,134.3,106.0,92.6,78.4,82.1,72.7,64.9,71.9,67.7,79.3,68.3,80.9,89.6,107.7,110.2,102.8,114.1,114.2,104.7,110.8,96.9,106.7,103.4,113.2,114.8,118.4,139.5,127.8,125.7,115.7,114.4,124.9,122.4,121.4,123.6,126.7,127.3,134.6,123.0,113.8,122.2,115.8,107.6,115.1,101.9,119.7,127.6,127.8,124.7,136.1,139.1,125.6,127.8,106.4,103.4,115.9,115.8,127.6,131.6,142.1,145.5,146.1,146.0
10451,Bronx,4.0,4.6,3.8,4.9,4.4,4.9,5.0,4.3,4.4,6.2,4.6,5.1,6.0,3.7,4.7,5.1,6.2,8.1,3.5,5.7,10.6,11.0,10.6,8.9,7.3,7.4,5.7,6.3,7.4,11.7,12.9,11.0,11.4,10.4,10.6,8.7,10.3,5.7,7.3,9.8,8.7,8.5,7.1,7.4,7.0,7.1,7.0,10.2,11.0,10.3,10.5,10.4,10.4,13.4,15.5,17.5,23.3,19.8,16.2,12.4,14.5,13.2,17.7,21.9,22.5,25.4,31.1,28.8,21.6,22.4,24.4,27.6,24.3,15.3,21.5,24.8,24.2,23.9,27.7,31.9,36.5,32.1,32.5,33.7,36.5,38.5,34.3,29.1,36.0,36.6,37.2,30.6,28.5,25.9,32.6,25.5,25.8,28.7,26.1,28.1,35.0,36.5,33.0,44.4,46.8,60.8,49.7,43.2,52.5,57.6,50.4,59.4,67.5,61.6,58.6,52.4,50.5,47.3,44.2,37.1,31.8,26.7,30.7,18.1,26.0,39.4,49.5,47.4,46.8,49.2,46.9,48.9,56.6,56.8,58.0,66.6,60.7,54.8,54.2,62.5,51.8,49.6,59.0,50.1,50.3,53.7,70.1,52.1,55.8,57.3,54.2,62.7,55.3,58.9,60.1,58.6,67.0,74.7,74.8,66.3,72.4,67.9,59.8,80.5,75.7,77.2,67.8,59.2,71.0,81.0,79.9,77.2,88.7,97.9,108.1,100.9,100.3,100.5,92.1,84.4,97.7,85.5,98.6,112.2,107.5,103.2,105.1,110.2,131.6,141.3,97.8,90.3,95.1,101.2,97.6,88.8,97.4,106.7,109.8,111.8
10452,Bronx,2.7,6.8,18.3,6.8,2.1,1.3,1.3,1.1,1.3,2.2,1.4,2.7,3.0,1.3,1.8,1.3,3.5,4.4,2.4,5.2,8.4,8.9,10.5,6.2,8.7,7.1,7.4,9.8,10.0,10.5,9.0,7.6,10.0,13.7,13.5,10.7,12.5,10.5,12.0,9.3,8.2,7.0,10.1,6.3,4.7,6.9,9.4,9.4,10.9,6.7,8.7,7.0,7.8,6.2,6.9,11.5,16.1,13.5,12.3,12.3,19.8,13.9,14.7,13.0,13.4,18.7,25.4,25.6,21.9,19.6,21.5,25.2,20.5,14.2,14.0,17.0,21.0,23.1,25.4,22.5,27.5,23.6,30.8,30.2,35.8,42.4,32.2,23.4,30.6,46.6,40.5,34.4,21.5,27.8,23.5,23.1,22.1,19.7,20.3,22.7,26.7,27.2,34.5,31.3,35.3,51.3,53.2,40.9,43.3,47.8,51.5,41.2,42.0,44.6,50.4,57.2,43.5,37.4,33.9,33.2,33.8,36.4,31.6,14.5,18.2,29.7,29.0,25.9,30.4,37.6,38.7,40.7,45.1,37.3,46.8,60.6,53.3,49.0,38.6,37.2,42.0,33.7,36.0,26.5,23.6,21.0,38.4,32.6,37.9,39.4,35.9,34.8,30.9,40.1,38.5,36.3,43.0,38.7,44.8,34.9,29.0,33.6,26.0,28.5,23.7,23.1,22.3,26.3,32.5,27.1,25.3,26.5,27.8,19.7,23.7,30.1,28.9,22.4,23.0,22.2,30.8,27.1,23.3,27.5,28.1,26.1,24.6,15.3,17.0,22.1,15.4,22.5,22.4,13.5,18.0,18.6,14.3,18.9,24.2,26.9
10453,Bronx,6.1,5.6,1.7,1.1,1.1,0.6,0.7,1.1,1.0,0.0,0.0,1.1,0.6,1.1,0.6,0.0,2.2,5.0,7.3,5.0,8.4,9.5,7.9,2.4,4.7,5.8,7.5,7.5,7.9,5.5,4.8,12.7,13.6,11.3,10.1,8.8,8.6,8.1,9.2,6.7,8.2,12.4,8.6,7.5,8.8,9.4,10.6,8.3,12.5,11.4,7.3,9.3,9.6,6.2,10.3,14.4,15.2,18.5,19.3,20.0,23.7,26.4,27.3,28.8,25.9,29.9,33.3,23.5,24.1,22.4,21.8,21.4,21.3,26.8,36.0,29.0,29.2,29.6,25.7,33.4,33.1,30.4,38.4,34.7,38.7,35.7,42.8,36.0,39.5,45.0,44.2,44.5,33.1,43.9,33.6,28.3,21.8,21.9,26.8,26.6,25.2,25.3,29.6,37.8,33.6,34.0,34.0,34.5,33.9,36.5,39.0,34.9,34.1,34.9,43.3,34.8,50.6,53.2,47.1,42.2,35.3,27.1,18.0,11.4,19.8,33.0,32.0,43.9,37.5,31.7,27.7,25.9,29.1,24.4,29.9,31.8,27.2,25.5,34.4,36.2,33.3,28.8,37.8,31.8,30.9,34.1,35.9,28.3,35.8,38.3,32.3,37.5,41.1,33.7,39.1,37.9,37.5,33.1,34.8,30.7,32.7,20.4,25.5,25.1,22.8,26.0,20.1,22.7,28.4,28.0,25.1,23.0,21.9,17.0,17.8,20.5,24.0,29.3,28.9,21.7,16.1,23.8,31.1,27.8,28.9,23.1,19.7,19.6,20.5,27.8,27.1,20.3,22.4,20.9,25.0,19.2,13.4,15.8,18.3,18.6
10454,Bronx,3.1,3.8,3.8,3.1,8.2,5.0,5.7,6.9,5.0,3.8,5.0,5.7,6.3,3.1,2.5,8.8,11.9,13.2,4.4,3.8,3.8,3.8,1.9,1.3,0.6,1.3,1.9,1.3,3.8,6.3,6.3,5.7,3.8,1.9,3.1,1.9,1.9,1.9,3.1,9.4,8.2,10.7,11.3,11.3,5.0,3.8,4.4,8.2,8.2,8.8,9.4,6.9,6.9,11.9,16.3,13.8,17.0,9.4,9.4,12.6,20.1,25.8,34.6,36.5,34.6,20.1,18.2,10.7,15.1,22.0,21.4,20.7,21.4,17.6,21.4,22.6,20.1,27.0,40.2,45.9,42.1,34.6,32.7,32.1,44.0,50.3,36.5,35.2,35.8,33.9,40.9,32.7,28.9,35.2,42.1,28.9,33.9,40.2,45.9,40.2,54.1,52.2,50.3,73.5,68.5,78.6,62.2,52.8,57.2,47.8,42.1,57.8,74.8,64.1,77.3,88.0,79.2,54.7,44.6,37.1,25.8,23.3,27.0,28.3,37.1,44.6,60.3,74.2,101.8,90.5,67.9,80.5,79.8,79.2,78.6,95.5,86.1,88.6,102.5,121.9,87.4,89.3,92.4,79.8,81.1,110.0,147.7,81.7,111.3,110.0,128.2,121.3,115.7,118.2,119.4,122.6,119.4,120.7,130.7,132.0,195.5,193.0,177.9,237.6,224.4,209.3,201.8,191.7,220.0,223.8,247.6,242.6,275.3,298.6,331.2,321.2,300.4,306.7,264.0,247.0,287.2,217.5,283.5,329.4,321.2,313.0,337.5,372.7,463.9,509.1,331.2,294.8,298.6,343.2,304.8,265.2,307.4,311.8,350.7,363.3
10455,Bronx,1.1,1.3,1.3,1.1,2.9,3.3,5.9,5.3,2.3,1.9,1.8,2.0,2.2,1.1,0.9,3.1,4.2,4.7,1.6,2.4,8.1,12.1,12.4,9.0,3.3,1.7,1.5,1.2,2.4,3.3,3.3,2.3,1.4,0.7,1.2,0.7,0.7,0.7,1.1,3.6,3.2,3.8,4.1,4.1,2.3,1.9,3.6,4.7,4.7,4.4,4.1,3.2,3.8,6.8,8.4,5.7,8.4,5.7,4.4,6.0,8.2,10.6,15.3,16.5,15.1,8.9,8.6,6.8,8.2,10.9,11.0,9.8,11.2,9.2,10.3,11.8,10.1,13.9,16.5,20.6,19.5,14.7,12.8,13.0,18.8,25.0,22.0,23.3,22.6,21.5,26.2,18.3,15.5,19.3,22.0,14.7,17.6,21.1,22.7,18.3,25.7,33.1,27.4,39.7,33.0,38.1,25.6,24.7,29.5,26.4,25.7,31.0,40.0,35.2,43.9,44.8,39.8,29.9,23.1,20.9,19.9,16.2,16.1,15.4,18.7,21.3,27.0,39.2,41.6,43.0,36.7,33.7,35.4,32.4,32.7,41.7,37.4,38.8,44.8,49.5,37.9,38.9,44.4,39.5,37.9,44.5,63.2,37.0,50.9,47.8,52.8,55.4,53.7,53.5,45.1,47.4,46.6,49.0,54.1,56.5,72.6,74.8,69.3,93.1,87.6,81.7,80.6,75.4,86.2,84.2,92.7,92.5,103.9,118.4,124.8,122.6,112.9,113.1,98.2,91.0,108.4,83.5,109.0,124.8,123.2,119.7,126.0,137.4,170.8,184.7,121.3,109.8,110.6,126.7,112.8,100.2,117.7,119.2,129.1,134.7
10456,Bronx,3.3,4.6,3.7,5.0,3.3,4.4,3.7,2.9,4.0,6.9,5.0,5.4,4.5,3.7,5.0,4.6,5.0,6.7,3.3,5.7,9.5,10.5,11.1,9.8,8.6,7.9,6.1,6.9,8.2,12.7,14.0,12.9,14.6,12.5,15.5,13.8,15.5,10.1,12.2,14.8,10.1,9.2,9.3,8.0,9.0,9.4,11.4,14.6,15.4,12.2,11.5,13.6,14.3,16.9,17.2,20.7,32.8,29.4,23.5,15.8,16.2,11.2,14.3,25.2,27.0,28.0,36.6,36.0,30.7,28.4,29.0,30.1,28.2,19.9,23.7,25.2,28.4,24.9,25.6,30.7,41.6,39.9,35.4,35.9,40.5,40.2,38.5,31.8,39.4,36.6,36.9,31.5,32.0,27.6,32.8,30.5,31.9,25.4,20.6,33.5,39.5,39.4,44.3,50.6,57.5,66.1,61.5,57.0,62.2,58.4,52.8,69.1,78.4,79.8,66.8,68.3,64.6,57.1,47.2,39.3,47.4,40.9,40.0,14.6,26.0,37.7,54.4,47.8,36.5,38.2,43.2,41.9,49.0,53.4,57.8,58.4,52.6,48.9,41.8,58.4,51.0,46.0,52.8,39.7,41.9,39.6,42.9,41.4,42.8,43.3,38.2,43.2,41.8,42.5,45.6,44.9,57.2,69.4,77.1,57.1,56.4,41.2,34.3,33.6,37.5,42.7,31.7,22.4,31.5,41.8,31.1,24.8,29.3,36.4,45.6,52.5,45.2,39.4,44.2,40.5,47.3,48.4,40.4,41.6,38.7,34.1,31.8,26.9,35.6,37.9,33.0,31.7,36.5,29.0,35.2,38.0,37.2,50.5,42.2,38.9
10457,Bronx,0.1,0.1,0.2,0.2,0.0,0.1,0.1,0.0,0.0,0.0,0.0,0.0,0.0,0.0,0.0,0.0,0.0,0.8,0.9,0.1,0.1,0.1,0.0,0.1,0.1,0.0,0.0,0.0,0.1,1.0,1.0,0.3,0.5,4.8,8.9,2.1,3.0,2.8,2.1,1.1,1.2,2.1,4.3,4.6,4.7,4.7,3.6,4.4,5.2,2.4,1.7,1.9,2.1,2.7,3.8,5.8,11.7,9.8,9.2,9.2,9.7,9.1,12.0,24.8,21.8,21.3,26.2,27.5,24.2,37.8,31.4,33.9,31.2,30.0,26.2,22.8,24.7,21.2,17.3,27.1,25.4,23.6,23.6,19.3,28.7,24.6,21.5,28.0,32.6,19.9,19.9,15.3,26.3,28.2,24.5,14.5,25.6,17.7,19.7,16.9,14.8,12.0,16.6,33.4,26.5,32.1,36.1,19.8,22.2,28.8,26.7,17.2,24.5,34.2,48.8,41.6,36.0,32.8,23.1,9.2,15.5,5.8,13.7,11.9,17.6,17.3,21.8,18.4,16.1,18.6,15.0,18.7,43.8,39.1,26.4,22.1,23.2,31.1,31.4,23.8,31.4,27.7,29.2,30.6,26.0,20.3,25.4,19.3,25.5,39.6,33.6,41.7,36.9,39.4,40.4,27.2,36.1,25.4,25.2,18.9,21.7,22.8,19.8,20.3,19.2,23.7,25.1,24.6,12.0,15.7,15.4,20.0,13.8,12.2,15.8,18.3,17.8,9.8,10.3,9.6,18.3,19.3,20.4,16.6,23.2,14.5,11.9,15.8,25.7,24.5,21.4,5.9,8.8,7.4,16.3,13.7,16.9,8.9,17.1,15.9
10458,Bronx,2.3,2.6,3.1,2.8,0.5,3.4,2.0,0.4,0.2,0.5,0.5,1.0,0.9,0.6,1.5,1.4,2.4,3.0,4.2,4.0,6.1,4.5,3.1,2.9,3.9,2.6,3.4,4.3,5.3,4.5,6.4,8.4,10.4,36.3,69.4,9.0,9.5,6.7,9.8,6.2,5.7,6.9,23.3,26.6,27.4,28.6,15.8,13.8,14.8,19.3,13.9,8.3,6.8,5.5,18.8,27.2,28.7,34.5,40.6,39.8,47.6,53.6,48.1,38.5,36.4,38.9,41.6,40.9,46.9,55.8,42.2,36.2,36.1,31.6,34.9,38.6,38.1,40.2,42.8,55.9,57.4,54.3,48.1,43.3,49.4,60.1,59.3,59.1,67.8,62.8,73.9,42.4,49.0,46.8,41.7,30.2,32.8,37.6,38.7,35.2,40.9,46.2,60.2,70.6,56.8,48.5,58.4,57.1,49.1,41.2,47.7,52.3,61.4,48.3,66.1,66.7,67.3,61.1,46.9,39.1,32.8,25.9,26.5,23.3,24.5,36.4,43.7,44.3,46.3,27.3,25.0,31.9,34.9,36.4,34.4,30.4,40.6,54.1,42.5,39.3,32.8,30.0,35.9,26.9,35.4,32.0,33.8,29.7,47.0,37.9,44.9,59.0,51.4,51.3,49.1,47.8,40.9,39.6,42.8,36.4,49.0,37.2,28.0,32.4,26.3,34.2,28.6,23.4,30.0,32.1,40.0,43.7,48.6,43.9,46.8,36.4,29.5,29.0,27.6,23.0,31.9,50.2,56.5,42.0,42.8,44.3,45.3,32.3,32.5,39.0,33.4,17.1,23.7,23.7,19.7,20.4,18.2,20.6,21.8,18.3
10459,Bronx,0.6,0.7,0.1,0.1,0.7,0.7,6.5,6.4,0.1,0.2,0.1,0.1,0.0,0.1,0.1,0.1,0.1,0.1,0.7,2.1,3.6,6.0,4.0,3.8,1.6,0.8,0.8,0.8,1.6,1.7,1.7,1.2,0.5,0.4,1.3,1.3,0.7,1.2,1.1,2.0,1.0,0.3,0.8,0.6,0.9,0.9,1.2,2.0,2.0,3.6,1.6,1.2,1.3,2.7,2.6,1.3,2.2,2.0,0.9,1.2,2.2,3.5,3.7,3.8,3.9,3.2,3.1,4.0,3.9,7.1,8.3,7.0,8.2,6.4,8.9,11.9,6.0,8.0,5.1,4.1,2.5,7.4,6.0,3.1,4.8,9.3,13.6,12.1,11.1,10.8,9.3,5.0,4.7,5.9,8.4,7.2,6.4,6.1,5.7,3.8,4.6,10.6,20.5,18.1,12.9,12.8,10.1,11.0,18.6,14.8,23.0,18.2,21.3,21.4,13.7,18.1,14.4,9.2,9.8,6.3,14.8,16.8,15.7,10.7,10.4,13.2,9.8,14.7,14.6,17.8,9.8,6.9,7.9,5.7,6.0,7.4,10.8,8.3,12.1,15.8,10.9,12.7,13.7,18.2,10.1,8.9,12.6,10.3,19.0,18.6,15.0,18.8,14.2,14.9,24.9,22.9,11.5,14.3,8.8,8.7,8.2,10.3,7.8,7.0,8.9,9.5,6.6,9.5,7.3,9.3,14.1,12.0,8.8,4.8,5.3,9.2,9.2,9.5,12.2,10.6,9.1,7.3,8.2,6.7,5.5,7.9,5.6,1.4,5.7,6.9,6.3,5.4,4.2,8.9,8.9,10.8,7.1,7.4,7.1,9.2
10460,Bronx,0.4,0.4,1.1,1.1,1.3,1.5,0.2,0.2,0.3,0.3,0.2,0.3,0.2,0.2,1.2,1.1,1.0,1.3,1.7,2.6,1.7,1.6,0.2,0.6,0.5,0.2,0.2,0.0,1.0,6.8,6.8,6.7,6.2,7.0,4.9,2.8,2.8,2.9,2.8,2.5,1.4,1.7,1.4,1.4,2.7,2.9,2.6,2.8,2.7,12.5,9.6,14.5,9.5,7.2,17.6,23.1,15.7,10.4,14.6,20.6,21.9,22.8,20.6,22.0,28.0,28.7,20.7,28.1,27.0,28.1,35.9,29.3,22.7,15.9,20.3,19.3,15.9,13.2,14.6,17.1,19.8,19.9,19.2,15.2,19.5,26.0,25.2,25.3,26.9,25.0,25.1,11.6,19.6,25.4,20.1,21.0,24.2,22.2,24.1,21.2,13.1,21.3,28.4,32.7,27.5,35.1,36.7,34.2,34.9,26.8,46.8,34.2,33.0,28.5,25.9,28.7,26.2,23.2,23.1,14.9,21.4,19.4,19.8,12.1,19.1,28.3,26.2,26.1,25.0,34.3,31.6,33.6,32.3,22.5,22.1,13.9,18.4,37.2,32.3,33.3,36.4,31.5,32.9,33.4,26.4,28.4,26.4,20.4,27.3,28.6,32.3,33.3,30.4,30.5,46.5,38.5,37.1,29.8,28.9,23.2,22.6,30.7,24.4,26.3,22.6,28.9,26.2,27.9,22.1,17.2,29.7,23.1,17.7,15.9,13.7,17.5,20.1,20.3,21.2,19.4,19.6,25.2,19.0,16.8,19.0,19.5,14.8,10.3,12.5,15.7,12.6,14.6,12.0,16.7,17.0,12.4,21.3,13.5,12.9,14.6
10461,Bronx,3.5,3.5,2.4,0.8,0.5,2.0,3.2,3.2,2.8,5.5,2.6,2.0,2.0,1.4,1.4,0.5,1.2,1.9,1.3,2.1,2.3,4.9,4.8,6.2,8.7,4.7,4.4,3.5,4.9,4.6,5.5,4.4,4.4,7.5,7.1,4.8,4.0,6.4,5.2,4.7,5.1,2.5,3.9,6.4,4.3,2.0,2.7,4.6,4.5,7.1,12.1,11.6,7.8,6.5,19.7,30.7,26.3,29.8,27.6,19.6,19.4,31.9,40.0,43.3,32.1,41.6,40.9,29.4,20.9,23.4,31.3,42.7,51.4,50.7,42.5,44.0,46.1,37.7,29.5,38.6,34.7,36.5,38.1,28.5,29.1,25.9,31.3,37.5,44.2,44.4,41.4,29.9,35.3,40.0,36.6,33.9,31.1,23.1,23.6,26.0,32.5,32.9,33.4,32.5,27.8,35.6,45.1,34.5,31.2,31.4,36.2,36.8,47.5,28.3,21.6,23.8,19.9,21.0,19.8,13.5,18.0,17.0,15.6,15.4,12.4,23.8,22.4,21.0,17.1,16.2,13.5,18.2,17.9,22.4,23.4,18.3,19.6,21.9,27.3,25.9,22.0,18.5,19.7,12.7,16.2,16.8,21.5,18.7,14.6,22.0,21.1,21.1,15.5,19.0,19.9,26.7,22.5,18.3,21.2,23.1,21.7,18.9,16.2,16.3,16.7,14.9,18.2,17.6,11.6,12.6,17.3,14.5,12.0,13.6,11.1,7.0,11.1,11.1,10.6,14.9,26.1,22.9,21.1,22.2,23.9,22.1,20.0,16.8,17.3,21.2,18.9,20.0,19.2,12.1,17.3,17.1,13.8,17.1,16.5,12.9
10462,Bronx,3.1,3.1,3.6,1.9,0.1,3.7,4.5,2.5,3.1,8.1,5.6,5.9,5.1,14.7,12.3,12.1,17.0,17.1,8.7,10.3,10.0,10.4,9.9,12.2,12.4,7.6,8.4,10.8,7.3,6.7,6.2,6.6,6.2,8.9,8.6,6.1,8.0,8.1,8.7,12.7,10.7,13.7,11.9,11.5,14.2,19.2,15.6,11.2,12.0,9.1,10.8,8.4,7.5,6.0,45.1,75.6,68.7,64.3,64.8,58.5,63.3,73.5,72.9,69.0,61.7,76.8,64.3,60.1,53.2,51.6,50.6,58.9,65.1,59.3,60.5,57.2,56.8,49.3,50.3,61.3,69.0,74.6,75.4,69.6,62.7,48.8,59.3,69.6,74.8,75.6,53.9,47.6,48.4,63.1,51.3,50.8,48.3,43.4,43.1,38.8,53.8,49.8,58.5,52.9,39.9,52.4,49.9,44.4,49.0,46.3,49.9,44.3,53.1,40.8,55.6,40.8,42.6,35.9,27.6,31.2,29.6,30.6,30.9,29.8,41.4,44.2,50.1,51.6,43.7,42.6,41.5,45.4,49.3,45.8,40.7,29.1,25.4,37.0,51.1,56.8,32.7,40.1,43.4,39.5,37.7,53.7,47.5,37.9,39.2,51.9,46.4,46.1,35.3,35.9,33.7,45.1,43.2,37.1,59.2,48.1,50.7,42.8,43.5,38.5,36.6,46.0,35.5,30.9,33.8,40.8,36.5,31.8,33.2,31.7,29.3,35.6,41.8,42.8,37.5,36.0,30.2,35.6,29.2,32.5,30.4,30.6,30.8,25.8,30.2,26.5,24.2,22.2,16.9,12.1,12.5,12.7,26.8,23.5,20.9,28.2
10463,Bronx,90.2,98.2,97.8,85.4,75.9,57.1,44.4,49.5,35.5,35.7,43.5,44.4,56.0,47.8,51.9,54.0,62.4,60.4,81.8,94.2,83.3,82.9,65.8,66.8,66.9,85.9,95.2,92.0,84.4,79.1,91.0,88.8,83.9,99.5,94.9,88.2,79.6,78.2,73.2,83.7,90.9,87.1,86.5,91.7,77.0,69.6,87.1,89.4,82.9,93.5,111.9,103.4,119.1,152.7,149.8,147.6,146.6,128.3,146.4,150.3,157.8,143.7,161.8,140.4,112.5,137.4,161.8,140.1,148.6,143.5,141.6,153.2,182.1,181.9,160.4,136.2,144.8,159.8,156.9,190.1,177.5,183.3,188.5,172.0,197.6,191.9,207.9,189.3,199.8,217.6,211.0,157.8,165.9,177.1,156.2,145.4,163.1,167.0,168.4,189.3,195.8,188.1,218.1,243.7,201.0,270.6,245.4,228.2,249.8,242.9,249.9,224.3,217.7,188.0,204.2,186.1,178.8,190.4,191.7,165.3,162.1,155.0,140.9,97.1,144.4,135.0,148.4,161.4,159.0,153.6,159.8,167.0,172.1,161.8,164.5,156.7,148.2,177.8,195.4,200.3,170.1,187.2,163.3,141.7,159.1,146.1,152.0,160.1,163.7,156.1,157.7,154.3,147.1,169.3,159.7,148.7,154.6,151.6,185.4,154.7,143.9,130.6,148.4,169.6,152.4,154.6,147.6,122.1,133.4,119.0,121.8,108.5,119.2,147.9,172.1,149.9,134.7,152.8,152.3,144.3,139.2,132.7,153.0,143.3,135.6,129.0,117.3,115.4,125.8,125.9,116.3,120.1,117.7,107.5,137.4,134.1,128.3,134.4,156.4,156.8
10464,Bronx,0.1,0.1,0.0,0.0,0.0,0.0,0.0,0.0,0.0,0.0,0.0,0.0,0.0,0.0,0.0,0.0,0.0,0.0,0.0,0.0,0.0,0.1,0.1,0.2,0.3,0.2,0.2,0.2,0.2,0.2,0.2,0.1,0.1,0.2,0.2,0.2,0.2,0.4,0.2,0.2,0.2,0.0,0.0,0.1,0.1,0.0,0.1,0.1,0.1,0.2,0.2,0.2,0.1,0.2,0.3,0.4,0.2,0.2,0.2,0.2,0.1,0.8,0.8,0.7,0.4,0.4,0.8,0.4,0.2,0.5,0.6,0.6,0.4,0.5,0.4,0.3,0.6,0.5,0.4,0.5,0.3,0.8,0.9,0.7,0.6,0.6,0.3,0.4,0.6,1.0,1.1,0.8,0.8,0.7,0.5,0.6,0.4,0.2,0.4,0.6,0.6,0.5,0.6,0.9,0.9,0.8,1.3,1.1,0.6,0.5,0.7,0.7,0.7,0.5,0.5,0.6,0.4,0.5,0.3,0.2,0.5,0.5,0.2,0.2,0.3,0.3,0.2,0.3,0.4,0.5,0.3,0.5,0.5,0.5,0.6,0.5,0.7,0.7,0.8,0.8,0.8,0.7,0.7,0.4,0.6,0.6,1.0,0.7,0.6,0.5,0.6,0.5,0.5,0.8,0.6,0.7,0.4,0.2,0.4,0.3,0.5,0.6,0.4,0.6,0.4,0.4,0.4,0.5,0.4,0.3,0.5,0.3,0.2,0.3,0.3,0.2,0.3,0.3,0.3,0.5,1.0,1.0,0.9,1.0,1.0,0.9,0.8,0.8,0.7,0.7,0.9,1.0,1.0,0.6,0.7,0.8,0.7,0.9,0.6,0.5
10465,Bronx,2.4,2.4,1.9,2.2,1.5,1.2,1.2,1.2,2.0,1.2,0.8,0.7,0.7,0.7,2.2,1.5,0.1,0.1,0.1,0.4,0.4,1.6,2.1,4.0,5.4,4.5,4.0,2.5,2.6,2.9,3.7,4.0,4.5,4.0,5.2,4.2,4.0,5.5,4.2,3.7,7.0,2.7,1.9,3.9,2.4,0.7,1.3,0.9,1.3,2.5,4.4,5.9,2.1,2.5,3.9,7.0,5.6,3.7,4.9,11.8,8.3,12.5,18.7,14.8,12.0,15.5,14.6,13.3,15.8,18.3,21.2,20.8,15.6,13.8,10.9,9.4,19.4,18.7,13.9,15.8,16.5,17.3,22.8,16.9,18.2,20.8,16.8,14.8,19.1,23.4,25.5,17.6,18.4,18.8,20.3,17.6,14.8,14.3,12.6,14.8,13.5,16.6,22.4,25.1,23.9,23.6,30.4,22.2,18.1,14.8,15.0,19.1,32.7,20.3,18.7,16.0,18.0,17.2,18.5,14.6,14.8,9.9,7.6,7.4,10.9,15.5,11.4,8.9,8.5,10.2,9.6,13.2,13.1,15.4,16.9,13.7,14.9,23.1,19.7,22.1,24.1,22.6,17.5,15.0,14.6,18.9,23.4,19.3,13.7,13.5,19.7,17.8,14.9,18.0,19.0,23.7,17.6,16.5,21.2,19.6,17.7,14.6,10.1,15.3,9.9,14.1,17.1,16.2,15.4,8.9,12.1,9.9,9.0,11.1,9.0,6.9,10.8,8.5,13.1,19.3,25.3,22.7,21.4,23.8,25.5,20.7,18.6,14.3,14.7,23.7,22.8,24.2,20.0,17.1,26.7,18.5,14.7,24.8,16.4,11.7
10466,Bronx,0.0,0.0,0.0,0.0,0.0,0.2,0.6,0.4,0.2,0.0,0.0,0.0,0.8,1.0,2.1,2.1,2.9,2.5,1.7,5.8,5.0,3.8,4.6,4.9,5.5,3.0,4.9,5.1,5.4,6.2,6.3,4.6,5.9,2.1,2.9,2.1,2.9,4.6,4.8,3.8,2.5,3.0,5.9,1.6,4.4,5.3,8.0,7.4,6.9,4.6,3.6,4.7,4.4,4.8,10.9,16.6,12.2,10.3,19.2,22.5,32.0,40.4,26.8,24.3,25.0,33.8,32.9,21.1,14.7,22.2,18.0,18.0,16.0,19.4,26.1,21.5,25.1,23.7,19.5,18.7,27.7,30.8,27.8,20.5,25.1,28.0,32.7,32.3,26.7,24.6,25.2,16.3,13.8,22.0,17.1,11.8,9.0,14.2,23.3,12.0,19.9,30.4,27.3,23.7,22.6,24.9,20.3,36.6,35.5,39.9,30.2,30.4,30.0,30.2,32.1,33.5,35.5,13.0,13.9,18.1,25.2,26.8,12.7,12.0,12.3,9.6,13.6,21.1,17.0,15.4,17.9,17.1,22.4,21.8,22.9,22.9,22.1,26.0,21.7,18.9,20.5,27.0,17.5,13.8,22.2,28.9,34.9,27.5,28.7,19.5,26.5,28.5,19.8,19.9,24.0,25.4,28.3,34.5,31.0,24.4,22.1,13.6,18.5,26.7,13.4,18.3,18.3,17.1,17.9,16.9,17.9,14.7,13.3,8.9,16.7,17.6,13.2,10.9,12.1,16.6,13.7,15.2,15.3,13.5,15.2,15.4,14.1,13.5,12.4,10.9,11.4,11.8,10.8,8.7,10.0,13.9,17.5,17.2,19.9,20.0
10467,Bronx,0.9,0.9,0.0,0.9,0.0,0.6,2.7,3.1,2.5,0.9,0.9,0.9,0.9,1.5,4.0,3.1,5.5,4.3,3.7,4.6,2.7,1.2,5.5,5.8,5.2,4.3,10.1,11.6,11.6,12.5,14.0,10.7,10.4,8.3,9.2,8.6,8.6,11.0,8.9,12.9,10.1,9.8,11.9,10.4,14.7,15.6,15.9,13.8,16.2,16.2,16.5,9.5,9.2,9.8,18.4,20.8,19.3,17.1,27.6,30.3,21.7,27.3,27.6,36.1,53.0,51.2,74.5,66.3,54.6,90.8,78.8,66.2,58.6,42.6,42.3,33.7,30.4,49.4,56.8,56.5,63.2,62.5,65.3,57.6,63.7,65.5,65.5,63.3,54.2,68.0,50.8,34.9,33.1,33.6,43.1,47.1,38.9,37.9,33.9,25.0,34.5,50.2,54.2,47.7,38.2,44.3,56.3,55.0,67.6,63.6,61.6,43.1,68.8,72.2,68.0,61.8,41.6,34.3,50.5,52.3,41.2,35.4,17.4,15.3,18.1,29.1,37.0,34.9,29.0,26.9,42.2,38.9,39.8,32.4,31.8,28.8,27.5,45.6,45.9,47.2,44.7,30.6,27.2,27.9,41.9,52.5,72.7,46.5,38.5,40.9,41.9,49.8,46.5,45.9,51.7,45.3,45.5,39.8,42.8,30.2,34.2,26.0,41.9,52.0,31.2,31.8,32.7,30.9,41.6,37.9,38.0,30.6,32.4,23.6,23.6,26.9,22.6,23.2,39.5,27.6,29.4,42.5,23.8,26.3,27.2,24.2,25.7,19.3,18.9,19.6,21.7,22.0,23.2,21.7,26.0,33.0,44.6,27.2,33.6,32.1
10468,Bronx,7.2,7.1,5.5,4.7,3.0,4.8,2.3,1.3,0.6,1.1,0.9,2.0,2.3,2.0,2.3,2.1,4.4,6.2,8.8,7.2,10.6,9.8,8.3,4.8,6.7,13.0,15.3,14.7,11.1,8.5,10.7,18.2,21.0,22.3,20.8,14.5,12.7,12.1,13.3,8.9,7.9,12.9,11.4,12.9,15.5,17.0,17.4,14.6,17.2,17.0,14.1,13.7,13.5,11.7,26.8,34.0,37.4,37.8,53.4,60.9,63.1,68.7,66.5,58.5,51.0,59.5,62.5,46.4,43.3,57.0,48.6,56.2,54.5,51.9,54.7,50.7,53.3,56.5,56.8,68.8,65.0,67.0,71.9,59.8,71.2,73.1,72.5,69.8,74.5,73.0,66.2,43.6,45.7,51.3,47.1,39.9,39.0,50.2,45.9,52.0,56.8,56.2,63.1,75.6,57.8,63.1,55.5,50.3,53.8,61.5,71.7,71.2,78.5,59.5,65.5,63.6,63.0,59.4,57.2,47.8,42.5,33.6,29.9,18.3,26.7,34.2,43.7,49.6,44.0,41.8,41.7,46.2,50.4,46.4,53.6,40.0,36.1,47.8,51.2,56.6,54.3,62.5,62.4,47.8,60.2,59.0,57.3,48.0,58.6,54.7,53.3,48.7,51.9,53.1,59.6,53.6,61.3,53.9,60.2,48.5,58.1,40.1,44.8,47.8,43.8,60.8,53.3,45.4,46.3,46.3,41.5,42.7,53.7,58.2,58.9,45.8,47.0,44.5,40.5,43.7,44.0,52.8,58.2,43.3,41.7,38.1,36.4,36.9,39.7,48.7,40.3,31.0,31.5,28.2,30.7,31.9,29.6,40.2,40.8,33.6
10469,Bronx,0.0,0.0,0.0,0.0,0.0,0.2,0.5,1.4,0.2,0.0,0.0,0.0,0.0,0.2,0.4,0.4,1.1,0.7,0.0,1.3,2.3,2.4,3.1,1.3,1.1,1.1,2.0,2.2,3.1,4.1,3.5,2.8,2.4,2.1,1.1,0.4,0.4,1.7,1.9,1.7,1.3,1.1,1.5,1.3,2.2,2.2,1.8,2.0,2.3,2.8,4.6,3.8,2.6,2.3,4.2,3.7,3.6,3.0,3.5,4.2,3.3,3.3,2.2,3.6,4.9,3.8,3.1,2.9,3.5,5.0,9.0,12.3,12.2,13.2,12.9,7.6,4.8,4.0,3.0,3.4,10.0,15.1,11.7,10.3,15.1,18.5,16.9,13.5,13.0,12.1,15.4,16.3,13.3,11.5,17.3,8.1,5.5,7.1,9.3,7.9,8.2,9.3,8.9,16.0,10.4,11.9,11.5,15.2,15.1,12.0,6.8,8.3,13.8,11.6,14.3,15.8,11.6,7.3,14.0,10.2,12.6,11.8,3.9,3.3,5.2,8.1,9.3,10.0,8.5,11.8,8.9,6.2,8.1,5.6,6.6,6.2,9.8,12.5,12.0,10.3,8.9,5.4,10.5,7.8,10.5,14.0,16.6,11.3,8.9,8.7,11.9,14.5,10.2,12.6,13.6,11.3,10.0,9.2,12.4,8.7,10.6,10.3,14.7,17.4,12.6,11.8,8.8,8.2,11.3,12.2,10.1,12.9,9.2,4.3,6.8,8.9,4.1,5.2,8.6,6.3,6.4,9.1,9.1,8.7,8.4,5.4,7.3,8.9,6.1,6.2,4.3,6.6,6.5,4.8,6.9,9.0,9.7,8.8,9.9,8.6
10470,Bronx,0.0,0.0,0.0,0.0,0.0,0.0,0.0,0.0,0.0,0.0,0.0,0.0,0.2,0.2,0.3,0.3,0.3,0.3,0.3,0.8,0.7,0.7,0.7,0.7,0.8,0.3,0.5,0.5,0.3,0.5,0.7,0.5,0.8,0.2,0.3,0.3,0.5,0.5,0.5,0.3,0.2,0.3,0.8,0.0,0.3,0.5,1.1,1.0,0.8,0.5,0.3,0.5,0.5,0.7,1.6,2.6,1.8,1.3,2.9,3.4,5.7,7.4,4.8,3.9,3.8,5.7,5.7,3.4,2.3,3.4,2.6,2.8,2.6,3.3,4.4,3.6,4.3,3.9,3.1,3.1,4.3,4.6,4.1,2.8,3.3,3.3,4.1,4.1,3.6,2.9,3.4,2.5,2.0,3.3,2.1,1.1,0.5,1.1,2.6,1.0,2.5,4.3,3.8,3.3,2.9,2.8,2.0,4.3,4.6,5.7,4.6,4.8,3.1,3.4,3.6,3.8,4.9,1.3,1.3,1.6,2.5,2.9,1.8,1.8,1.6,0.7,1.1,2.5,1.8,1.6,2.1,2.1,2.9,2.9,2.9,3.3,2.5,3.1,2.6,2.5,2.6,4.3,2.1,1.8,2.6,3.1,3.4,2.9,3.8,2.3,3.1,3.1,2.0,1.6,2.5,2.8,3.4,5.1,3.6,2.9,2.3,1.1,0.8,2.3,0.8,2.0,2.0,1.6,1.8,1.1,1.8,1.5,1.1,1.0,2.1,2.3,1.6,1.1,1.3,2.5,1.6,1.8,1.8,1.3,2.0,2.5,2.0,1.5,1.5,1.1,1.5,1.5,1.3,0.8,0.8,1.3,1.6,1.8,1.8,2.1
10471,Bronx,40.9,45.2,43.6,36.9,34.5,25.0,21.6,23.9,16.9,16.9,21.2,21.6,26.3,22.6,25.0,25.6,29.7,29.3,37.8,44.5,40.1,39.8,31.7,32.0,32.7,30.6,33.6,34.6,38.2,38.4,42.2,39.5,34.5,39.6,39.6,37.2,32.2,30.9,30.1,35.9,40.2,38.2,39.2,37.9,29.2,25.1,32.3,32.9,34.5,38.3,46.4,44.0,51.4,66.9,61.3,56.3,53.3,45.2,50.9,50.6,52.3,44.2,48.4,43.6,34.1,44.9,53.4,46.9,53.6,51.2,51.6,48.0,58.9,56.6,51.7,47.2,48.6,53.7,52.4,55.0,52.2,56.6,60.6,58.1,69.6,67.5,73.0,68.9,74.6,78.7,68.4,48.2,52.8,59.5,50.7,52.3,61.4,61.5,60.5,68.3,67.0,60.3,73.5,76.7,67.1,94.8,85.7,79.9,95.6,88.0,80.8,73.6,71.8,68.2,71.7,60.0,55.3,62.6,65.0,56.1,57.1,54.4,48.3,33.0,52.7,50.9,55.6,57.4,57.4,58.3,61.0,62.7,59.5,57.4,53.8,52.4,49.7,59.3,67.3,67.4,52.9,55.7,54.1,53.9,52.4,50.0,55.7,58.4,57.1,56.0,59.7,62.3,54.0,61.4,53.4,49.6,50.4,50.7,66.9,53.7,49.9,50.5,54.0,66.7,58.0,53.4,51.0,41.1,47.2,39.8,39.2,37.4,36.5,48.0,61.8,56.6,49.5,56.7,53.3,42.7,45.6,41.6,52.0,52.3,46.9,44.5,36.6,34.9,35.4,37.6,35.9,34.7,36.2,32.8,38.5,37.4,34.4,38.3,48.5,53.1
10472,Bronx,0.0,0.0,0.0,0.0,0.0,0.0,0.0,0.0,0.4,0.4,0.4,0.0,0.0,0.0,0.6,1.1,0.9,0.9,0.9,0.6,0.6,0.6,0.6,0.6,0.4,0.4,0.4,0.0,0.0,0.6,0.6,2.8,5.0,2.0,0.9,0.9,1.7,0.9,0.9,0.4,0.6,1.1,1.1,0.6,0.6,1.7,1.1,1.1,0.6,1.7,2.2,1.7,2.8,2.8,2.0,2.0,0.6,1.7,7.0,24.3,20.3,19.1,22.5,13.3,10.5,9.8,10.2,12.4,12.7,12.2,9.1,15.0,16.8,15.1,10.5,8.8,7.5,8.4,11.6,26.8,29.6,31.9,28.6,27.5,22.4,18.2,20.9,25.1,19.4,17.9,16.8,13.7,15.4,16.1,14.3,12.2,10.9,8.7,13.4,12.4,14.5,11.8,11.4,18.0,16.5,14.9,13.2,17.7,18.9,9.4,18.3,18.1,15.5,9.4,16.3,14.0,12.2,12.0,15.8,10.9,9.0,9.4,8.3,5.5,7.9,9.4,9.6,9.8,9.6,7.4,11.3,12.5,8.5,8.3,10.6,7.6,9.3,8.6,7.2,7.8,10.2,9.8,10.0,11.5,15.4,16.9,8.2,5.6,13.5,11.1,18.3,9.8,11.3,9.6,8.3,5.0,9.1,13.3,9.6,7.8,6.8,5.9,10.0,7.2,5.0,3.7,4.8,3.1,9.6,6.7,7.4,8.9,9.8,7.2,5.2,5.2,5.8,6.7,8.4,7.2,4.1,5.4,7.0,9.6,5.5,4.1,3.5,3.9,7.9,8.5,8.5,8.7,5.9,6.3,11.3,7.7,12.2,4.7,3.0,4.1
10473,Bronx,0.0,0.0,0.0,0.0,0.0,0.0,0.0,0.0,0.4,0.4,0.4,0.0,0.0,0.0,0.4,0.7,0.8,0.8,0.8,0.4,0.4,0.4,0.4,0.4,0.4,0.4,0.4,0.0,0.0,0.4,0.4,2.3,3.8,1.5,0.8,0.8,1.1,0.8,0.8,0.4,0.4,0.7,0.7,0.4,0.4,1.1,0.7,0.7,0.4,1.1,1.4,1.1,1.8,1.8,1.5,1.5,0.4,1.1,4.8,20.2,16.6,13.8,15.4,9.2,7.4,7.1,7.5,9.5,9.9,10.1,7.3,11.3,13.5,11.9,8.5,7.9,6.7,6.5,9.2,24.8,27.7,30.2,25.8,25.1,19.8,15.7,17.0,21.1,15.9,14.7,14.0,12.3,13.4,14.2,13.2,11.2,9.4,6.4,10.3,9.5,11.5,9.7,9.3,15.8,14.6,11.9,9.8,12.6,13.4,6.7,14.6,14.1,12.3,6.7,12.0,9.5,8.5,8.0,10.5,7.3,6.3,6.7,6.0,3.6,5.5,6.7,7.1,7.1,6.6,5.2,7.7,8.4,5.9,6.0,7.9,5.6,7.3,6.9,5.2,6.1,8.0,7.1,7.6,8.2,11.8,12.4,6.0,4.1,9.2,8.3,14.6,7.1,8.8,7.1,6.0,3.8,6.8,9.2,6.6,5.6,4.8,4.6,7.0,5.2,3.3,2.6,3.3,2.2,7.1,4.9,5.2,6.3,6.6,5.2,4.3,4.3,4.6,4.9,6.5,5.2,3.0,4.2,4.8,6.6,3.6,3.0,2.6,2.5,5.5,5.9,5.9,6.4,4.0,4.5,8.2,5.1,8.5,3.9,2.3,3.0
10474,Bronx,0.0,0.0,0.0,0.0,0.0,0.0,0.0,0.0,0.0,0.0,0.0,0.0,0.0,0.0,0.0,0.0,0.0,0.0,0.0,0.0,0.0,0.8,0.8,0.0,0.0,0.0,0.0,0.0,0.0,0.0,0.0,0.8,0.8,0.8,0.8,0.8,0.8,0.8,0.0,0.0,0.0,0.0,1.6,1.6,0.0,0.0,0.0,0.0,0.0,0.0,0.0,0.0,0.0,0.0,0.0,0.0,0.8,0.8,0.0,0.0,0.8,1.6,2.3,2.3,3.1,2.3,0.8,1.6,3.1,6.2,3.9,4.7,3.1,1.6,1.6,0.8,1.6,1.6,1.6,1.6,1.6,0.8,2.3,3.9,3.9,4.7,2.3,5.5,7.0,7.8,9.3,2.3,0.8,3.9,7.8,3.9,8.6,7.0,5.5,5.5,3.9,3.9,4.7,3.1,3.9,3.9,4.7,2.3,0.8,0.8,3.9,0.8,1.6,6.2,7.0,7.0,6.2,3.9,2.3,2.3,4.7,5.5,3.1,2.3,0.8,0.0,0.8,0.8,2.3,5.5,5.5,2.3,3.1,1.6,1.6,0.0,0.8,0.0,1.6,2.3,1.6,1.6,1.6,3.1,3.1,3.1,4.7,2.3,6.2,1.6,3.1,4.7,2.3,0.8,1.6,0.0,0.8,5.5,2.3,3.1,0.8,0.8,1.6,1.6,1.6,1.6,0.8,3.9,3.1,0.8,0.8,0.8,2.3,2.3,2.3,9.3,0.0,3.1,3.1,1.6,1.6,3.9,6.2,3.1,3.1,6.2,1.6,0.8,0.8,0.0,0.0,2.3,2.3,1.6,1.6,0.8,3.1,1.6,1.6,2.3
10475,Bronx,0.0,0.0,0.0,0.0,0.0,0.0,0.0,0.0,0.0,0.0,0.0,0.0,0.0,0.0,0.0,0.0,0.0,0.0,0.0,0.2,0.2,0.0,0.0,0.1,0.1,0.1,0.1,0.1,0.2,0.2,0.0,0.0,0.0,0.0,1.0,1.0,1.0,1.3,0.3,0.3,0.2,0.1,0.1,0.1,0.3,0.3,7.1,8.1,8.0,8.0,0.0,0.1,0.0,0.0,0.0,0.1,0.1,0.3,0.2,0.1,0.0,0.0,0.0,2.0,2.1,1.1,0.1,0.2,0.0,0.0,0.0,0.0,0.1,0.2,0.2,0.2,0.3,0.3,0.3,0.1,0.5,0.7,0.6,0.2,0.2,0.5,0.6,0.6,0.5,0.5,0.3,0.0,0.0,0.0,0.1,0.1,1.2,1.2,0.7,0.3,0.3,0.3,0.1,0.0,0.2,0.9,0.8,1.4,0.7,0.5,0.1,0.1,0.9,0.7,1.2,1.1,0.7,0.3,0.3,0.3,0.6,0.9,0.2,0.5,0.6,0.8,0.8,0.8,0.6,0.8,0.5,0.5,0.6,0.6,0.5,0.5,1.0,0.7,0.5,0.3,0.6,1.2,2.5,2.2,3.2,1.6,0.7,0.9,0.6,0.0,0.8,0.9,0.5,0.9,1.8,3.0,1.7,0.6,1.2,0.7,0.7,0.8,2.5,2.4,1.8,0.7,0.7,0.8,0.5,0.7,1.0,0.7,0.5,0.1,0.6,0.2,0.3,1.3,0.2,0.3,0.3,0.1,0.2,1.3,1.1,0.1,0.3,0.8,0.3,0.3,0.1,0.1,0.1,0.1,0.2,0.3,0.5,0.3,0.8,0.8
11004,Queens,0.8,0.0,0.0,0.0,0.0,0.0,0.0,0.0,0.0,0.0,0.0,0.8,1.5,1.5,1.5,0.8,1.5,4.5,6.0,3.0,2.3,4.5,6.8,6.0,3.8,3.0,2.3,0.8,2.3,7.5,9.0,4.5,6.0,9.0,4.5,0.8,1.5,1.5,2.3,0.8,1.5,1.5,0.8,1.5,4.5,6.0,7.5,6.1,8.3,10.5,8.3,8.3,3.8,3.8,3.8,4.5,3.1,4.6,3.8,3.8,4.6,4.6,3.0,3.0,5.3,5.3,4.5,3.0,2.3,3.8,6.0,3.8,2.3,3.0,3.1,2.3,3.8,4.6,4.5,3.8,2.3,5.3,6.8,6.0,7.6,4.5,3.0,3.0,1.6,3.1,2.4,1.5,2.3,2.3,2.3,4.5,6.8,4.5,6.8,4.5,0.8,3.0,1.5,5.3,2.3,6.8,7.5,3.8,3.8,1.5,0.8,3.8,3.8,3.0,3.0,3.8,6.8,7.6,6.1,4.5,5.3,6.0,5.3,0.8,0.0,4.5,4.5,4.5,3.0,4.5,8.3,6.0,6.0,2.3,2.3,2.3,1.5,1.5,5.3,3.0,2.3,4.5,3.0,2.3,1.5,0.8,2.3,3.0,1.5,0.0,3.8,6.0,3.0,6.0,5.3,0.0,3.0,4.5,5.3,2.3,2.3,4.5,4.5,6.8,3.8,3.8,4.5,6.0,6.0,7.5,3.8,6.0,5.3,2.3,2.3,2.3,4.5,6.0,3.8,6.0,4.5,3.0,2.3,3.8,2.3,1.6,3.8,4.5,4.5,3.8,3.0,3.0,2.3,2.3,3.0,3.8,6.0,3.0,5.3,4.5
11101,Queens,79.9,89.6,101.8,102.0,70.9,73.5,79.6,80.3,88.0,84.9,66.4,56.2,43.2,56.1,55.7,63.1,81.7,92.9,78.4,85.9,83.5,74.4,69.7,62.1,80.5,310.9,315.8,264.2,368.6,328.9,309.0,219.2,147.1,126.7,90.6,105.7,124.2,122.0,129.6,129.4,122.9,169.1,215.4,275.2,314.7,339.7,315.6,237.7,262.4,243.7,244.8,611.0,529.0,700.7,453.6,436.5,334.0,287.2,254.6,271.2,238.7,247.1,286.7,324.9,338.0,355.8,404.7,431.2,430.3,450.4,429.1,366.2,361.7,372.0,403.8,458.9,516.7,473.9,525.7,572.4,521.7,464.7,468.4,421.5,442.3,388.9,480.0,452.4,513.2,524.9,524.1,520.3,517.1,594.3,557.8,493.8,491.6,458.7,565.1,542.9,521.0,537.1,497.9,489.0,450.5,507.5,498.4,435.5,500.4,508.1,528.3,576.4,564.8,515.9,496.9,433.1,443.3,512.9,478.1,408.5,485.0,443.7,357.6,369.9,512.8,662.6,790.9,850.5,863.9,884.3,812.4,774.0,787.4,731.4,772.7,904.3,892.0,870.5,686.4,570.6,496.5,490.2,456.6,426.5,408.4,363.4,393.8,374.8,398.8,398.5,430.5,441.0,436.9,443.8,470.8,448.9,534.8,441.4,475.3,462.1,535.1,569.0,586.4,562.4,457.6,507.1,514.9,467.6,492.4,483.9,498.3,511.3,620.9,629.4,815.8,778.7,705.2,672.8,652.7,604.4,658.4,595.0,665.8,743.1,755.0,752.1,829.2,779.4,673.4,684.2,621.9,584.1,661.7,598.7,632.5,654.8,731.3,744.1,814.4,778.7
11102,Queens,19.7,19.5,21.1,15.5,11.3,10.3,9.9,9.1,10.1,10.3,10.7,9.5,8.7,7.9,8.7,11.1,20.1,23.0,16.9,15.7,14.9,15.5,11.5,13.7,18.5,17.7,18.3,23.2,31.6,34.0,28.8,27.4,26.0,26.8,31.8,34.4,41.7,40.9,57.0,62.4,65.0,71.3,76.7,61.4,67.0,90.2,99.7,111.1,125.2,138.9,173.6,210.2,252.7,231.1,172.9,173.4,166.5,168.3,205.8,218.2,183.6,216.8,229.1,216.6,267.8,279.5,231.7,207.6,199.3,217.6,214.2,190.3,184.0,201.1,225.9,250.9,257.9,264.2,258.3,261.5,273.8,284.9,278.0,277.8,354.0,396.6,460.7,455.6,495.9,538.2,504.0,289.5,316.5,328.2,312.3,275.6,310.7,340.9,380.7,367.0,420.2,431.3,384.4,354.4,320.3,370.5,338.4,296.0,316.5,311.7,339.5,350.9,360.8,327.6,363.4,319.7,272.6,274.6,232.5,203.2,220.1,218.0,199.1,149.8,254.9,379.9,490.7,542.8,578.0,663.2,599.2,580.9,625.2,555.1,631.0,551.9,526.5,470.7,407.1,372.7,343.9,334.6,311.5,262.1,243.6,229.5,224.3,192.3,169.9,184.0,169.7,195.3,202.1,218.9,210.8,182.4,207.4,198.5,219.7,184.2,198.7,213.0,230.1,212.6,228.9,246.8,255.3,215.2,227.1,233.8,265.4,272.2,272.2,280.3,284.5,239.4,257.1,284.5,263.4,242.6,260.5,247.4,258.3,259.5,251.3,244.8,235.4,233.4,255.9,272.4,235.4,208.6,210.2,194.5,209.6,201.3,198.7,217.8,239.4,216.2
11103,Queens,30.0,29.4,31.5,26.4,18.8,17.8,15.9,13.5,14.9,14.8,15.7,16.4,15.0,13.6,15.4,18.5,31.2,35.8,27.2,27.0,23.2,23.7,18.7,21.7,28.4,27.0,27.1,33.1,44.9,49.1,42.8,40.3,38.4,38.8,44.8,49.9,60.4,58.4,81.9,87.7,90.2,98.0,105.8,86.4,95.8,127.2,146.0,161.4,189.3,207.9,253.7,298.9,351.0,322.1,243.3,245.5,238.5,242.6,292.7,309.2,266.7,319.0,329.8,306.4,377.9,398.9,332.2,298.8,291.0,321.7,314.9,272.4,257.9,286.7,322.5,357.0,366.6,377.5,371.2,371.7,390.9,406.1,402.4,402.2,521.5,575.3,672.7,668.5,721.1,778.6,735.3,427.5,468.3,486.6,456.1,401.9,461.3,503.6,557.7,543.4,612.2,627.8,560.8,519.7,471.0,544.5,496.5,440.6,459.0,447.6,491.1,512.6,525.8,481.2,522.9,457.9,400.3,413.3,345.3,298.3,326.2,319.3,287.7,212.9,365.6,543.3,706.8,782.7,828.7,934.9,851.4,823.7,886.5,791.5,905.3,796.9,763.3,683.3,598.0,540.1,498.6,488.1,450.7,379.5,354.9,330.7,333.4,284.7,250.3,261.5,246.1,285.3,298.7,317.9,305.7,266.1,311.9,305.9,332.0,283.5,306.2,326.0,352.1,344.8,353.9,378.1,385.5,326.6,357.8,355.2,393.7,402.4,407.1,413.0,426.6,372.0,392.6,435.9,404.4,363.9,397.4,376.2,388.5,397.1,382.6,371.1,350.0,354.3,392.0,410.4,360.3,329.1,328.9,301.0,335.5,307.0,294.9,326.7,362.3,330.9
11104,Queens,30.8,39.9,37.4,36.4,25.3,29.8,28.8,22.7,17.7,18.2,14.2,14.7,18.7,14.7,24.3,27.3,30.3,23.8,25.8,27.3,8.1,12.1,9.6,12.1,17.2,18.7,15.7,21.7,18.2,14.2,12.6,12.1,14.7,17.7,12.6,13.1,20.2,26.3,30.3,37.9,35.4,24.8,28.3,25.3,22.7,32.9,38.9,28.3,35.4,47.0,55.1,58.1,52.6,54.1,72.3,79.9,89.5,71.8,60.7,63.2,75.3,76.8,83.4,100.1,105.1,97.5,110.7,107.7,98.6,129.4,112.2,110.7,107.7,104.6,115.2,108.7,109.2,107.1,113.2,125.3,117.3,114.7,137.0,123.8,164.3,176.9,181.4,166.3,177.9,183.5,160.2,128.9,120.3,142.5,121.8,117.8,166.8,149.1,166.3,168.8,157.7,142.5,169.8,163.3,119.3,151.1,142.0,134.9,134.9,143.0,181.9,163.3,150.6,168.8,150.1,145.6,144.0,136.0,106.6,86.9,83.4,70.3,67.7,44.0,84.4,139.5,190.5,213.3,233.0,244.1,199.6,198.6,207.7,212.8,219.4,231.0,193.6,183.0,185.5,142.5,117.3,109.7,97.5,92.0,82.9,83.4,87.9,62.7,57.6,53.6,52.1,62.2,62.2,68.7,71.8,60.1,67.2,76.8,73.3,50.0,53.1,54.6,67.7,58.6,54.1,73.8,71.3,56.1,67.2,60.7,66.7,63.7,61.2,61.2,71.8,71.3,64.7,77.3,80.4,64.2,73.8,61.7,64.7,77.3,75.3,66.2,52.1,66.7,63.7,79.4,82.9,68.7,74.3,73.3,63.7,61.7,60.1,63.2,59.6,57.6
11105,Queens,27.2,26.9,29.1,21.4,15.6,14.3,13.7,12.6,14.0,14.3,14.8,13.2,12.1,11.0,12.1,15.4,27.7,31.8,23.3,21.7,20.6,21.4,15.9,18.9,25.5,24.4,25.2,32.1,43.6,46.9,39.8,37.9,35.9,37.0,43.9,47.5,57.6,56.5,78.7,86.1,89.7,98.5,105.9,84.8,92.4,124.5,137.7,153.3,172.8,191.7,239.7,290.2,348.9,319.0,238.6,239.5,229.9,232.3,284.2,301.2,253.4,299.2,316.3,299.0,369.7,385.9,319.8,286.6,275.1,300.3,295.7,262.8,254.0,277.6,311.9,346.4,356.0,364.8,356.6,361.0,378.0,393.3,383.7,383.5,488.8,547.5,636.1,628.9,684.6,743.1,695.9,399.6,436.9,453.1,431.2,380.4,429.0,470.7,525.5,506.6,580.1,595.5,530.8,489.3,442.2,511.6,467.1,408.7,436.9,430.4,468.8,484.4,498.1,452.3,501.7,441.3,376.3,379.1,320.9,280.6,303.9,300.9,274.8,206.8,351.9,524.4,677.5,749.4,797.9,915.6,827.3,802.0,863.2,766.4,871.1,762.0,726.9,649.8,562.0,514.6,474.8,461.9,430.1,361.8,336.3,316.8,309.7,265.5,234.5,254.0,234.2,269.6,279.0,302.3,291.0,251.8,286.4,274.0,303.4,254.3,274.3,294.0,317.6,293.5,316.0,340.7,352.5,297.1,313.5,322.8,366.5,375.8,375.8,387.0,392.8,330.5,354.9,392.8,363.7,334.9,359.6,341.5,356.6,358.2,347.0,337.9,325.0,322.3,353.3,376.1,325.0,288.0,290.2,268.5,289.4,277.9,274.3,300.6,330.5,298.4
11106,Queens,12.8,12.6,13.7,10.1,7.3,6.7,6.4,5.9,6.6,6.7,7.0,6.2,5.7,5.2,5.7,7.2,13.0,15.0,11.0,10.2,9.7,10.1,7.5,8.9,12.0,11.5,11.9,15.1,20.5,22.0,18.7,17.8,16.9,17.4,20.6,22.3,27.1,26.6,37.0,40.5,42.2,46.3,49.8,39.8,43.5,58.5,64.7,72.1,81.2,90.1,112.7,136.4,164.0,150.0,112.2,112.6,108.1,109.2,133.6,141.6,119.1,140.7,148.7,140.5,173.8,181.4,150.3,134.7,129.3,141.2,139.0,123.5,119.4,130.5,146.6,162.9,167.4,171.5,167.6,169.7,177.7,184.9,180.4,180.3,229.8,257.4,299.0,295.7,321.8,349.3,327.1,187.9,205.4,213.0,202.7,178.8,201.7,221.3,247.1,238.2,272.7,279.9,249.5,230.0,207.9,240.5,219.6,192.1,205.4,202.3,220.4,227.7,234.2,212.6,235.8,207.5,176.9,178.2,150.9,131.9,142.9,141.4,129.2,97.2,165.4,246.5,318.5,352.3,375.1,430.4,388.9,377.0,405.8,360.3,409.5,358.2,341.7,305.5,264.2,241.9,223.2,217.1,202.2,170.1,158.1,148.9,145.6,124.8,110.2,119.4,110.1,126.8,131.1,142.1,136.8,118.4,134.6,128.8,142.6,119.5,128.9,138.2,149.3,138.0,148.5,160.1,165.7,139.6,147.4,151.8,172.3,176.7,176.7,181.9,184.6,155.4,166.9,184.6,171.0,157.4,169.0,160.5,167.6,168.4,163.1,158.9,152.8,151.5,166.1,176.8,152.8,135.4,136.4,126.2,136.0,130.6,128.9,141.3,155.4,140.3
11109,Queens,38.8,42.7,49.8,50.2,34.9,35.6,39.1,40.6,45.5,43.8,34.1,28.5,20.6,28.5,26.7,30.2,39.8,47.0,38.8,42.7,44.5,38.8,36.6,32.0,41.3,168.3,171.5,141.9,199.9,178.6,167.9,118.5,78.3,66.5,47.3,55.5,64.4,62.2,65.5,64.0,60.8,87.9,112.8,146.6,168.6,180.3,165.8,124.1,136.2,123.8,122.4,323.3,278.2,373.1,235.1,224.5,166.5,143.4,126.3,134.8,115.6,119.2,139.8,158.6,164.0,174.7,200.6,216.3,217.3,223.0,214.1,180.3,178.6,184.3,199.6,230.5,262.2,238.7,266.4,290.3,263.2,231.9,230.5,206.7,209.9,177.5,225.5,212.7,243.7,248.3,252.2,260.0,259.0,297.7,281.4,247.6,237.6,221.6,276.7,264.3,252.9,263.9,239.0,235.8,222.3,247.6,244.7,212.0,247.6,250.8,255.0,284.2,279.6,250.4,242.2,208.8,215.6,255.0,241.5,207.0,249.4,228.7,182.1,193.9,263.9,335.1,395.2,423.3,426.9,434.7,403.4,382.7,387.7,357.5,377.4,450.0,449.6,440.7,340.1,283.9,247.6,245.4,229.4,214.9,206.7,182.1,198.1,192.4,207.0,207.4,225.5,229.1,226.6,229.1,243.7,234.1,279.6,226.6,245.4,242.6,282.1,300.2,307.3,295.6,238.3,262.2,266.8,244.0,255.4,251.8,258.2,265.7,326.5,331.2,432.2,412.6,372.8,352.2,341.1,317.7,345.4,312.7,351.1,391.6,398.8,398.8,443.9,414.1,355.4,358.6,324.4,306.3,348.2,314.1,333.7,346.8,389.5,395.6,434.3,415.5
11201,Brooklyn,314.3,328.1,347.2,337.2,314.7,287.8,261.8,256.7,240.2,229.9,224.4,173.1,193.0,200.4,228.3,238.7,269.0,303.1,341.6,318.6,274.0,251.2,256.4,224.8,285.7,308.1,342.1,343.7,386.7,417.5,354.7,329.2,311.2,298.4,307.1,309.7,322.3,328.5,315.7,350.2,429.7,410.4,480.5,520.3,514.1,539.7,510.2,551.1,599.4,590.5,613.9,647.2,687.6,793.8,818.1,871.6,862.0,765.5,713.1,699.7,768.7,731.0,751.7,772.1,792.9,815.3,823.3,877.7,839.9,847.3,759.7,742.7,851.0,764.1,817.3,883.0,995.8,1059.2,1055.3,1111.5,1097.9,1012.6,977.9,918.2,993.1,970.4,1070.1,1116.7,1200.8,1361.9,1294.1,1104.6,1009.8,1084.1,929.1,847.5,922.5,823.3,952.1,923.8,960.9,951.2,976.7,888.7,753.5,781.6,774.8,692.5,782.7,761.2,851.9,896.4,972.2,1008.9,1084.1,926.7,828.9,773.1,645.2,565.1,668.6,602.1,541.0,505.6,899.7,1388.3,1741.1,1928.8,1910.5,1827.3,1630.0,1431.1,1417.4,1299.3,1376.5,1253.3,1192.0,1065.8,877.9,737.8,618.4,594.4,574.6,505.8,540.2,544.0,597.6,623.5,682.5,731.3,731.5,753.9,685.3,665.5,657.5,598.7,686.6,664.0,726.2,687.0,751.8,865.5,859.8,875.4,778.5,783.3,699.9,631.4,700.8,634.2,665.1,690.3,854.0,921.4,1095.6,1128.6,1041.8,964.4,851.1,761.7,907.9,772.4,818.7,863.7,1057.7,1172.4,1297.1,1452.0,1400.3,1291.8,1117.0,1031.3,1051.4,989.7,1105.8,1139.7,1199.3,1307.6,1465.9,1331.7
11203,Brooklyn,10.0,7.7,9.3,9.5,5.4,5.8,9.5,9.4,10.8,7.1,6.2,8.7,9.5,9.7,10.8,11.8,11.3,12.9,12.0,13.4,12.5,10.6,13.4,11.5,12.7,14.7,13.8,13.3,11.9,10.8,15.5,15.6,15.0,11.5,9.5,10.4,11.2,12.0,11.9,13.8,16.8,14.3,22.9,28.8,20.5,23.5,24.4,27.2,33.7,44.4,40.5,43.0,44.9,50.7,61.5,78.4,79.2,88.9,90.3,91.4,95.8,107.9,128.2,115.3,112.5,127.9,126.4,136.0,138.7,123.5,118.6,105.0,90.2,92.4,113.8,109.6,128.1,134.7,136.8,160.9,167.1,142.8,153.4,145.4,173.5,163.9,180.0,160.9,179.5,192.6,187.2,129.2,137.8,142.0,143.6,141.3,161.2,160.9,162.2,183.5,188.3,189.6,188.8,193.1,157.2,201.8,179.6,160.1,170.9,161.4,192.7,162.5,188.5,170.9,180.2,167.1,149.8,130.7,134.8,127.4,153.0,135.0,105.0,84.8,117.5,170.0,193.7,222.0,240.3,219.1,199.2,176.8,189.2,171.1,171.5,167.0,180.9,205.4,185.7,182.3,134.8,148.2,151.7,138.0,152.6,171.2,176.8,130.6,153.7,153.8,157.5,172.5,138.3,126.1,158.3,133.8,128.5,120.2,143.5,104.8,133.7,161.0,149.8,160.7,136.3,153.2,161.4,152.2,156.5,151.7,156.3,139.4,191.5,191.3,217.9,216.5,201.8,154.3,141.8,143.8,160.3,127.7,126.5,121.2,142.4,166.8,173.8,159.6,154.9,168.8,157.8,168.9,154.8,140.9,147.8,143.4,136.9,176.8,179.5,165.9
11204,Brooklyn,3.0,3.0,5.4,5.8,4.0,4.3,6.4,7.5,2.1,7.5,9.4,7.9,7.3,11.2,17.4,17.7,17.7,16.4,14.3,16.6,14.3,12.3,11.8,14.2,10.1,11.5,8.3,8.6,12.1,13.7,13.9,16.7,12.2,14.7,10.1,8.7,14.3,19.0,17.0,18.3,17.9,14.2,20.8,16.3,21.3,21.4,22.5,19.9,22.0,26.5,28.9,24.4,28.2,34.0,38.4,44.8,45.7,43.2,38.0,42.2,44.2,40.2,41.6,45.8,53.2,55.2,57.9,58.7,55.8,58.2,54.3,50.8,47.2,44.0,46.2,45.3,55.0,48.7,44.1,55.6,58.7,55.7,63.0,51.3,65.5,80.2,98.5,90.7,106.9,109.6,97.6,46.0,57.2,68.9,69.9,67.4,68.2,66.2,86.2,92.8,103.6,104.7,108.4,119.8,116.4,132.2,119.1,89.2,100.9,84.5,99.5,91.8,110.6,96.3,115.3,128.3,104.9,86.5,91.3,77.9,83.3,79.3,68.9,40.5,72.9,82.1,86.6,110.8,106.2,98.9,104.9,106.2,117.2,111.4,114.0,110.3,121.4,122.4,121.4,119.6,109.3,125.4,100.1,84.0,89.5,90.4,102.0,89.2,89.9,81.6,70.2,72.2,61.6,54.7,67.7,54.7,52.6,52.9,58.2,53.1,54.3,60.5,58.4,57.5,59.1,55.8,56.6,50.9,51.0,53.7,57.2,55.2,61.3,58.3,79.0,77.3,68.3,66.6,55.5,48.1,61.6,52.6,55.7,53.3,68.5,72.5,77.9,68.2,66.8,63.0,58.1,51.3,61.8,58.3,57.3,50.5,64.1,73.7,61.7,54.5
11205,Brooklyn,83.2,88.4,95.1,95.2,79.8,69.7,72.7,81.7,74.9,73.0,101.0,109.8,114.8,104.2,100.4,107.9,120.1,118.8,122.7,123.3,91.1,97.4,101.2,85.2,81.2,84.2,85.0,99.1,102.2,135.8,146.2,131.8,114.4,93.0,92.8,94.9,97.2,112.5,123.2,135.3,148.8,145.3,167.7,202.0,190.9,209.2,208.0,214.9,222.1,228.7,234.5,231.3,263.6,304.7,364.0,385.0,357.7,346.3,320.0,332.9,348.7,356.9,351.2,359.1,379.7,442.3,475.2,502.2,441.8,397.2,341.2,312.5,331.4,313.0,343.4,349.5,383.3,416.2,473.7,498.8,466.4,427.2,457.9,441.9,513.5,477.4,515.4,506.8,582.9,632.4,640.8,464.4,448.6,449.1,422.3,347.1,358.4,362.8,380.4,398.5,432.1,449.5,486.1,492.6,406.0,475.1,423.8,398.6,412.0,420.1,451.5,432.3,463.0,471.5,499.6,457.1,362.1,314.1,275.6,240.4,276.7,264.0,256.4,229.1,413.1,606.9,769.9,855.8,863.3,791.6,698.8,643.5,595.4,530.4,564.4,542.2,551.9,566.0,513.0,437.0,292.5,287.0,257.1,243.0,243.7,232.1,259.0,226.2,253.1,280.6,277.6,341.1,301.5,281.9,265.0,250.3,284.1,279.9,338.1,319.2,374.1,381.9,382.6,404.9,360.0,376.8,352.0,304.8,323.1,296.5,295.2,305.7,385.4,435.8,450.1,433.0,387.4,379.0,323.6,282.3,286.6,273.3,309.1,349.4,406.7,473.2,536.2,513.9,510.2,441.1,365.0,335.7,325.7,301.5,348.4,335.1,357.1,421.6,444.1,430.6
11206,Brooklyn,118.1,114.0,121.5,120.1,107.0,113.8,112.7,115.6,82.7,88.4,85.8,76.6,85.9,105.5,115.0,106.3,116.4,117.4,115.4,115.7,120.5,123.6,119.6,150.5,145.9,158.8,149.5,157.6,169.7,175.1,188.4,206.9,230.5,229.6,217.8,219.9,219.8,208.5,201.3,227.3,219.7,252.3,334.3,382.5,364.5,416.2,400.9,468.3,505.2,434.6,469.6,501.6,542.1,572.0,669.3,709.0,605.3,559.4,638.9,634.7,693.6,716.8,734.0,760.3,805.5,942.8,1126.6,1133.0,872.2,761.4,659.0,604.9,709.6,693.2,762.4,784.1,975.9,1034.8,1099.7,1157.8,1027.1,885.1,866.4,783.4,919.9,898.8,1027.2,1045.4,1266.4,1407.4,1426.9,1087.8,954.6,937.5,874.1,757.6,836.5,822.4,922.8,1037.2,1251.3,1396.1,1634.7,1783.2,1476.3,1635.8,1446.5,1356.9,1450.7,1158.4,1132.1,1030.7,1077.2,1083.5,1119.9,1092.6,831.0,679.4,569.8,502.4,602.2,614.3,585.1,576.8,1161.4,1608.1,2068.4,2288.0,2202.3,2006.8,1833.0,1754.2,1708.7,1487.1,1623.3,1642.8,1608.5,1485.1,1365.5,1178.3,761.6,739.2,690.5,615.8,615.3,529.7,662.5,583.7,621.0,737.3,835.1,866.3,783.6,676.4,693.0,596.2,685.6,636.9,734.1,703.8,878.2,964.4,1008.2,1042.4,847.1,808.6,809.7,686.5,748.3,708.6,810.2,801.2,996.4,1090.7,1248.3,1259.3,1125.8,944.3,817.9,718.2,721.3,679.2,776.9,834.1,979.5,1062.6,1172.7,1102.6,955.6,836.5,696.8,621.5,615.8,605.9,785.8,795.0,859.2,1002.0,1082.1,972.0
11207,Brooklyn,3.2,2.6,3.6,7.5,5.1,2.8,3.2,3.7,6.5,4.5,3.9,7.8,11.6,15.7,19.0,15.4,15.0,9.8,9.6,8.9,6.8,9.1,9.0,7.5,7.6,9.9,14.7,14.3,15.3,17.1,18.3,16.5,17.7,15.7,14.2,14.9,27.5,29.3,23.3,21.7,19.3,19.2,27.8,36.7,32.8,44.1,48.2,46.4,54.1,59.9,64.5,64.1,72.9,82.1,102.5,101.5,95.7,79.6,80.5,84.2,104.1,102.9,101.1,118.6,130.4,184.3,227.0,219.7,167.3,136.9,110.0,101.9,96.2,112.4,125.1,140.2,188.2,196.7,217.4,231.1,204.9,176.4,173.4,161.6,173.1,178.7,215.3,220.2,276.3,346.1,334.6,215.9,205.0,191.5,192.4,162.2,186.3,169.3,196.0,206.8,265.5,296.2,345.5,402.7,321.1,366.1,349.3,342.7,363.0,306.6,283.4,249.6,274.6,282.5,314.8,282.5,232.4,213.6,181.4,162.4,181.8,173.3,160.1,126.1,238.3,333.3,418.1,473.7,471.6,417.0,403.2,381.8,399.6,359.9,403.0,417.5,456.8,469.2,437.5,375.5,249.5,246.3,243.9,215.0,217.2,195.5,243.7,234.0,223.8,241.3,248.2,241.0,221.3,198.1,217.7,179.1,194.5,196.9,209.1,185.5,246.1,268.6,279.2,301.7,266.0,245.4,242.5,215.4,231.6,240.9,262.8,244.8,289.2,306.3,372.4,356.2,321.9,280.4,231.5,207.0,220.7,183.8,215.3,232.7,267.7,272.7,278.2,282.8,249.4,225.5,186.8,201.9,186.1,174.9,211.6,227.9,275.6,326.4,324.5,288.7
11208,Brooklyn,1.3,0.9,0.9,0.9,0.0,0.4,0.4,1.3,3.0,1.7,0.9,0.9,1.7,2.6,3.4,4.3,3.8,3.4,3.4,2.6,3.0,4.7,3.4,3.0,2.6,3.0,5.6,3.8,4.3,3.4,3.8,4.7,6.8,6.4,6.0,6.4,15.0,14.1,8.5,8.1,5.6,3.0,7.3,8.5,7.3,9.8,11.1,10.3,15.4,16.7,15.8,9.4,9.0,10.3,17.9,18.8,17.9,13.2,13.2,17.9,24.8,21.4,14.1,14.1,15.0,23.9,22.2,22.2,24.4,22.6,18.8,19.2,15.8,20.9,24.4,29.1,32.9,26.9,29.9,31.6,29.1,29.1,35.5,35.0,38.9,46.6,52.5,47.4,53.4,72.2,60.7,25.2,28.2,34.6,33.3,30.3,35.0,35.0,43.2,42.3,41.0,36.7,40.2,49.6,46.1,40.2,34.2,33.8,48.7,47.0,50.8,48.3,42.7,50.8,58.1,47.4,45.3,61.1,58.1,56.0,61.1,52.5,45.3,24.4,31.6,38.5,44.4,47.4,43.6,43.6,44.4,36.7,44.0,38.5,45.3,46.1,49.1,56.8,56.4,57.7,41.9,47.0,57.2,47.4,54.3,45.7,48.3,58.5,67.1,64.5,56.0,47.0,49.1,39.3,50.4,42.7,49.6,53.4,52.5,40.2,53.8,50.4,50.4,73.9,74.8,63.7,60.7,57.2,55.5,65.4,70.9,61.9,81.6,82.9,86.3,81.2,81.2,71.3,56.0,46.1,58.5,44.4,56.0,49.6,53.8,49.1,49.1,47.4,52.1,55.1,45.3,58.1,53.8,45.3,55.1,64.1,75.2,89.3,75.6,88.9
11209,Brooklyn,31.0,28.8,27.4,28.1,23.1,27.4,21.6,18.0,17.3,23.1,26.7,22.3,24.5,28.1,33.9,31.0,34.6,36.8,36.8,31.7,30.3,26.7,23.8,20.2,20.9,25.2,24.5,20.9,19.5,23.8,22.3,24.5,31.7,32.4,27.4,20.2,28.8,29.5,33.2,32.4,40.4,36.0,47.6,61.3,69.9,144.1,185.9,178.7,251.5,301.2,269.5,216.9,111.7,129.0,148.4,166.5,181.6,198.2,207.5,198.2,215.5,182.3,192.4,225.5,250.8,223.4,240.0,229.2,188.8,202.5,206.1,185.2,193.8,180.2,168.6,180.2,199.6,214.7,205.4,204.7,168.6,183.0,191.7,164.3,230.6,288.3,379.8,396.3,444.6,494.3,470.6,270.2,265.9,322.8,345.9,268.1,296.2,319.2,369.7,399.2,444.6,475.6,443.2,443.2,395.6,425.2,353.1,312.0,371.1,374.0,390.6,403.5,425.2,379.0,381.9,369.7,305.5,323.6,278.9,227.0,247.2,211.9,181.6,100.2,154.9,204.7,281.0,332.9,387.7,431.6,393.4,327.9,374.0,379.8,417.2,416.5,412.9,407.9,365.4,333.6,276.0,314.2,301.9,263.7,251.5,226.3,255.8,229.2,170.1,166.5,177.3,178.0,196.7,234.9,216.9,193.1,188.1,183.0,211.1,152.8,161.4,176.5,162.1,152.8,166.5,179.4,162.9,142.0,176.5,154.2,163.6,163.6,169.3,162.9,162.9,168.6,130.4,153.5,160.7,132.6,144.1,154.2,196.0,194.6,206.8,172.9,124.7,121.8,137.6,135.5,125.4,103.8,118.9,121.8,126.1,121.1,130.4,121.8,129.0,119.6
11210,Brooklyn,6.2,7.0,6.7,7.7,4.8,6.1,6.6,9.2,6.6,6.6,6.7,7.2,7.7,12.7,15.5,16.8,14.3,13.3,13.5,15.2,14.8,14.1,12.8,15.1,11.3,12.3,9.6,8.8,9.6,13.2,16.5,18.6,13.1,17.0,14.2,13.6,23.1,22.1,19.8,23.3,23.0,18.9,23.0,28.4,26.7,30.3,31.7,32.0,34.3,31.6,40.7,43.3,40.2,52.3,66.4,81.7,87.5,94.7,93.1,90.2,88.5,93.5,94.4,94.7,105.2,123.6,126.3,124.2,112.5,115.3,104.8,101.4,91.1,93.6,101.4,97.5,110.3,119.0,121.7,129.8,133.2,117.8,133.1,131.7,158.5,159.8,183.4,176.9,200.1,200.1,188.6,128.8,140.6,151.0,160.5,149.9,178.6,179.1,170.7,161.5,164.4,182.8,210.0,217.9,184.6,245.8,239.7,237.2,248.0,224.8,229.3,193.1,233.9,212.1,194.1,217.2,194.0,164.3,160.4,151.2,158.3,155.7,139.5,101.2,150.4,192.7,229.0,261.6,251.9,247.1,241.4,226.6,227.6,204.2,215.3,219.1,238.6,256.1,235.9,237.7,173.0,202.6,194.3,162.8,165.9,169.1,185.0,154.5,175.9,169.8,185.2,187.1,160.6,141.1,171.8,152.4,164.1,169.0,181.1,144.2,167.6,177.9,182.6,193.8,153.9,163.7,186.1,153.7,169.2,165.9,168.7,159.0,205.2,205.7,238.8,251.3,250.9,203.3,187.7,172.9,182.3,171.8,161.6,160.0,206.9,212.6,239.9,222.8,204.8,185.7,173.9,179.3,193.2,158.5,178.8,183.9,224.1,246.8,242.2,212.1
11211,Brooklyn,180.0,175.9,190.0,178.1,160.6,176.2,175.5,176.0,117.8,122.7,120.4,89.1,92.4,119.2,138.1,129.2,152.9,165.7,157.4,151.7,171.7,172.9,162.8,226.7,208.7,222.8,207.3,213.3,230.9,235.7,253.7,287.8,346.6,352.0,333.1,325.5,315.6,284.8,259.7,294.5,280.4,334.1,465.2,527.4,511.9,565.0,532.4,648.1,695.8,559.2,567.4,593.8,639.3,665.1,792.6,817.5,664.2,610.8,714.7,716.6,799.0,825.3,817.9,828.9,838.1,956.2,1155.8,1180.6,894.8,788.1,704.4,658.9,836.1,783.7,840.4,861.7,1093.3,1122.0,1159.4,1206.6,1059.4,901.9,875.9,770.6,951.5,935.1,1033.0,1047.1,1262.7,1371.9,1369.7,1175.1,1003.2,969.1,840.8,768.1,851.7,868.4,995.8,1146.9,1381.6,1563.8,1856.7,2057.7,1708.0,1772.8,1518.2,1432.0,1566.3,1174.0,1130.7,1011.8,980.8,962.5,932.8,965.2,720.4,591.7,483.0,427.3,530.2,568.3,552.5,611.7,1227.1,1708.7,2205.1,2438.8,2300.5,2117.9,1877.0,1801.3,1743.5,1468.6,1622.8,1636.4,1424.7,1166.1,1004.0,890.2,543.1,521.4,475.8,456.6,484.7,427.0,526.7,456.3,523.9,658.0,776.4,797.0,704.7,595.6,635.3,555.3,651.4,571.0,689.6,669.2,832.8,897.5,974.2,1035.0,817.0,743.4,749.3,627.6,659.8,635.5,784.1,779.9,998.8,1071.4,1247.0,1283.0,1149.8,886.1,747.8,647.7,662.7,664.5,752.4,804.1,943.4,1044.7,1199.5,1146.6,1002.7,866.4,687.1,596.7,588.5,592.2,800.3,825.7,862.2,966.2,1071.8,1004.5
11212,Brooklyn,5.7,3.1,4.7,3.7,1.1,1.2,4.0,3.9,4.3,2.1,1.4,4.1,6.1,6.3,5.9,4.2,3.9,4.2,5.0,5.5,5.3,5.7,7.0,6.1,6.3,5.0,6.6,5.6,9.4,10.1,10.0,6.9,5.0,3.0,2.5,4.3,10.2,16.8,12.7,13.3,13.7,12.5,13.8,13.9,16.6,15.3,16.5,13.6,20.1,24.7,20.8,22.6,22.1,24.4,28.1,31.5,28.2,29.5,32.7,28.7,36.4,47.1,55.2,53.5,70.3,68.9,59.4,67.3,77.3,81.5,77.3,68.8,67.5,54.8,69.2,65.5,65.4,68.9,68.4,78.0,81.3,71.5,73.6,66.5,70.8,74.1,100.2,81.3,103.7,119.2,101.3,59.0,63.5,66.6,69.5,68.0,80.1,73.4,62.8,84.2,86.0,76.7,79.3,75.1,62.4,85.3,103.5,94.8,82.5,67.3,86.7,92.5,109.6,92.4,81.8,88.8,78.0,64.7,73.9,69.9,64.8,63.4,56.6,39.1,45.9,51.4,67.7,86.8,72.6,67.5,71.7,65.5,75.7,67.3,77.0,76.4,86.8,99.8,115.5,121.7,80.8,112.9,109.7,87.4,114.7,99.3,127.3,95.0,123.7,96.6,99.8,121.9,111.7,95.2,101.1,97.0,117.4,106.2,115.6,83.2,97.3,101.1,89.8,102.6,82.8,94.3,95.8,92.8,82.9,81.5,89.9,80.8,88.7,82.3,89.6,98.1,94.1,81.4,77.4,87.0,81.1,74.1,95.2,72.0,70.2,89.5,102.5,90.5,93.0,100.7,83.2,88.6,82.5,76.7,67.8,66.8,78.8,89.2,95.5,95.4
11213,Brooklyn,43.8,40.1,39.4,42.6,41.6,33.5,31.3,37.7,32.4,25.2,40.1,43.6,60.1,64.5,56.1,50.8,51.4,55.1,66.4,56.0,62.3,52.9,58.8,62.9,72.4,64.7,70.6,66.8,67.7,66.2,76.5,72.1,54.9,62.8,68.6,71.1,80.4,81.8,78.3,83.7,85.0,87.2,106.8,120.5,120.2,158.6,162.0,174.4,191.8,202.7,239.3,235.3,266.0,293.5,372.2,404.0,362.7,381.6,408.6,430.6,445.5,464.7,464.7,476.2,526.9,625.6,658.8,684.9,573.5,474.3,401.4,366.8,372.8,362.2,379.6,416.7,463.5,537.0,596.7,672.5,588.4,529.2,517.3,455.7,514.5,506.1,646.2,693.8,851.9,953.2,950.0,602.5,587.1,626.9,638.5,589.5,570.8,520.1,544.5,636.2,791.6,816.0,797.6,768.2,628.9,727.8,743.3,714.3,687.4,697.3,744.8,693.7,755.1,819.3,789.9,769.4,638.2,466.9,436.3,430.2,491.1,435.4,390.9,343.6,610.6,896.2,1043.4,1203.7,1246.0,1156.8,1035.0,972.6,992.7,852.3,893.6,944.5,985.9,1015.5,984.0,901.9,602.0,637.5,574.4,524.7,488.7,387.2,450.3,390.4,457.8,495.9,534.4,580.5,527.4,456.7,469.2,401.0,478.4,458.5,481.3,439.2,504.6,518.9,526.6,557.7,498.3,518.3,509.4,414.5,424.0,412.6,453.6,398.2,531.2,578.7,627.1,622.1,586.6,583.0,536.9,522.2,563.9,501.0,522.9,467.9,537.8,592.5,619.9,625.1,593.1,526.8,426.6,407.8,406.3,406.5,494.6,473.8,574.8,616.3,622.6,553.2
11214,Brooklyn,3.4,4.4,5.1,6.4,4.4,3.6,4.1,5.4,4.1,6.2,6.4,5.2,5.7,8.4,10.7,10.7,11.4,13.5,17.2,20.4,15.2,14.2,15.6,17.9,17.2,16.6,11.9,8.8,12.9,11.7,12.7,20.4,19.7,25.0,22.2,13.7,24.9,21.0,22.7,18.7,18.8,20.7,24.0,18.9,22.0,25.4,25.4,23.9,25.8,27.0,28.5,27.4,30.4,32.8,33.4,28.5,28.9,29.4,26.3,33.5,41.0,37.0,41.6,51.2,54.9,53.1,48.8,48.5,54.0,60.3,49.0,48.4,63.7,43.8,45.5,40.5,43.9,41.5,42.5,48.3,48.2,55.3,58.0,58.2,70.1,73.0,91.0,80.9,87.9,98.5,91.1,36.9,48.4,54.2,43.6,43.1,60.7,59.8,76.7,81.2,94.9,78.4,92.1,113.8,124.9,119.2,96.7,77.6,86.6,89.0,108.3,105.0,103.3,87.1,100.0,77.1,80.5,83.1,74.0,61.3,70.0,62.0,49.0,21.6,36.2,51.1,51.6,69.2,74.8,72.0,75.3,98.9,119.1,117.6,112.3,126.0,112.8,120.0,127.0,115.2,89.5,114.9,96.6,80.7,88.4,91.6,111.0,86.3,86.4,70.0,67.8,58.7,61.1,54.6,51.4,42.4,38.5,34.5,45.9,44.8,41.1,40.3,50.5,51.3,39.8,61.2,46.7,40.1,54.0,50.4,51.2,57.2,50.9,62.7,64.5,63.9,59.9,56.1,57.6,50.7,60.8,59.6,60.0,68.0,77.0,56.2,59.0,57.2,67.6,65.7,64.6,60.6,63.9,58.0,55.4,56.1,59.0,54.4,62.6,55.6
11215,Brooklyn,156.5,146.8,140.8,140.8,148.3,150.4,136.7,126.1,103.3,115.3,118.3,117.0,139.2,129.3,141.3,133.1,145.3,163.4,184.0,146.5,102.0,90.8,97.8,107.1,125.2,130.0,142.6,139.5,169.2,200.0,202.6,179.7,175.2,189.9,176.4,178.8,189.0,175.4,167.7,208.1,263.0,277.7,302.2,311.3,280.9,315.5,309.0,298.6,336.1,318.6,321.6,380.3,468.3,470.0,498.9,530.0,552.1,596.3,562.5,517.3,572.8,558.8,610.1,596.0,597.3,643.0,691.2,672.6,635.8,565.4,485.8,433.7,454.9,467.6,543.3,570.3,601.6,631.3,658.9,680.4,616.3,616.6,561.9,505.8,609.9,627.4,721.7,748.2,820.3,872.2,845.1,652.3,630.1,669.2,588.5,485.1,518.1,544.7,577.1,614.7,675.6,683.2,707.4,643.7,541.9,559.0,515.4,468.3,506.7,494.2,562.7,570.4,625.6,582.3,608.5,547.6,439.2,420.9,337.7,294.0,304.2,306.6,268.0,228.2,479.6,753.2,999.4,1085.9,1109.5,1065.0,926.2,799.2,777.9,696.9,733.6,693.9,605.7,572.9,569.3,446.2,327.8,320.4,263.0,222.0,216.7,214.3,239.5,244.2,287.0,326.1,389.4,378.4,345.8,301.8,286.8,254.8,265.4,229.1,273.4,295.2,359.4,421.8,415.2,420.8,380.2,382.7,318.5,257.6,269.4,274.0,282.2,278.2,356.1,417.5,468.0,481.5,401.0,364.7,306.4,276.8,297.5,283.4,300.5,302.5,390.7,418.1,447.8,467.3,446.8,385.9,304.4,293.8,289.4,264.5,307.0,300.2,347.9,397.2,415.4,413.4
11216,Brooklyn,41.7,38.0,36.8,39.1,35.5,34.4,32.1,38.1,32.9,35.3,38.0,43.7,55.5,59.9,53.5,52.4,49.6,49.0,56.2,56.5,54.2,53.9,55.9,54.9,63.4,65.4,63.9,66.9,70.2,69.8,77.0,79.5,66.0,65.4,66.4,75.0,81.8,85.0,91.0,103.8,103.1,105.6,123.5,138.4,129.0,161.3,161.6,174.5,193.0,193.6,237.8,250.5,270.1,290.4,340.6,387.1,351.1,347.8,386.3,389.4,399.3,413.9,432.7,441.2,496.5,570.8,625.1,634.2,526.6,459.7,389.1,349.8,367.1,365.8,410.4,424.5,474.5,535.5,591.4,644.1,577.9,518.7,521.4,480.1,543.3,529.4,637.1,652.9,779.9,860.0,882.4,562.7,522.5,562.6,568.8,486.2,501.8,476.6,505.6,565.0,656.7,681.8,725.7,713.2,607.9,735.7,683.4,624.9,643.0,605.9,650.5,622.2,683.4,726.7,754.3,714.7,562.2,445.6,404.7,374.8,436.4,405.3,369.7,315.4,604.7,836.4,1040.8,1152.4,1148.2,1060.1,978.5,923.8,900.9,798.2,837.9,853.6,921.3,942.9,928.4,818.0,555.2,564.4,529.9,453.1,429.1,340.2,407.8,361.7,410.9,455.7,492.5,529.8,496.9,425.3,415.8,360.0,425.3,413.1,448.3,420.3,498.7,537.0,531.2,550.5,474.8,491.5,484.7,407.2,444.9,410.7,433.9,415.6,534.0,601.2,623.7,624.4,574.7,557.1,512.1,463.1,473.2,422.2,472.6,461.1,538.3,580.1,618.7,559.6,507.0,459.0,402.4,361.4,372.4,358.8,446.0,425.9,474.0,556.9,572.6,518.6
11217,Brooklyn,167.2,163.1,162.8,162.9,156.2,154.6,149.4,136.2,115.6,118.3,121.1,110.0,127.7,119.5,132.3,135.0,149.3,164.9,181.7,155.2,121.7,116.7,115.6,103.6,129.3,140.0,153.3,155.2,184.2,211.1,203.1,185.7,168.9,174.4,171.0,175.8,178.8,176.4,173.9,209.7,254.7,253.9,285.8,301.8,283.9,302.9,299.5,301.0,330.4,322.7,325.5,362.9,436.9,456.6,478.4,518.1,535.8,546.7,500.6,461.4,507.2,507.5,545.2,543.0,549.1,579.1,627.6,632.5,586.4,531.9,466.1,435.2,459.6,451.1,519.6,553.2,587.1,607.5,620.1,653.9,627.7,621.7,581.8,530.0,620.6,607.3,685.9,707.1,785.5,853.0,822.9,653.2,618.4,640.5,571.9,479.7,521.0,518.4,557.9,557.9,621.1,626.1,660.6,593.0,501.2,527.1,494.6,445.1,487.4,481.2,530.6,556.6,592.5,579.6,591.0,517.7,436.5,420.0,343.0,304.7,329.2,315.8,283.8,256.9,504.0,789.7,1012.7,1105.9,1118.0,1086.6,934.2,811.1,794.6,720.1,762.9,713.3,641.9,597.2,547.1,438.7,347.4,340.1,308.8,273.6,290.7,291.0,303.0,304.7,339.6,367.7,407.4,401.1,368.4,345.2,331.8,298.9,324.1,299.9,351.7,358.6,414.0,461.5,467.4,477.8,425.1,426.8,371.5,317.3,338.8,329.8,335.0,336.0,433.8,484.5,539.0,560.6,489.6,448.3,387.4,344.9,386.0,352.4,374.7,402.7,506.2,565.7,634.0,685.2,670.5,592.0,490.3,468.0,465.4,430.9,483.1,492.5,527.6,578.8,634.8,603.8
11218,Brooklyn,32.4,34.1,27.8,24.6,20.9,23.0,25.6,31.5,29.9,35.4,50.1,34.5,32.6,48.4,55.4,44.1,48.2,49.1,42.1,36.2,31.2,33.3,33.9,40.2,36.8,39.4,43.7,48.0,41.0,42.7,60.1,60.5,62.0,59.9,50.0,51.1,63.4,59.1,42.5,39.5,54.7,68.8,71.6,80.9,85.0,128.5,119.2,101.9,127.5,116.3,116.8,116.1,138.6,150.4,162.1,174.3,198.4,220.6,235.7,257.7,262.3,263.9,250.3,238.9,229.1,301.1,304.4,303.5,311.9,302.2,253.7,218.5,229.8,222.3,266.1,272.5,271.4,288.3,296.2,301.7,293.8,279.2,281.5,260.8,316.6,342.1,397.8,378.3,408.9,462.4,469.1,340.8,338.9,364.2,370.9,329.3,326.7,336.8,342.5,363.2,387.6,371.2,433.5,417.4,331.8,426.9,430.8,417.8,436.4,403.1,418.4,400.8,498.4,439.8,418.0,414.3,315.7,301.2,289.4,228.6,248.2,252.2,240.3,173.6,244.6,365.2,488.3,509.4,561.2,504.1,466.2,432.6,420.5,411.9,416.1,412.9,400.6,452.5,452.0,428.1,340.1,361.5,316.4,256.0,257.2,267.6,282.5,258.7,273.0,271.7,295.9,299.9,247.8,204.9,238.8,206.2,239.3,244.4,248.5,192.9,265.2,282.3,296.5,258.4,203.0,199.4,224.5,170.2,196.4,203.2,218.7,229.1,263.7,286.4,334.0,330.7,314.4,317.8,297.0,289.3,284.9,245.1,252.7,245.6,323.2,342.0,362.9,316.0,278.5,237.6,195.8,153.0,186.9,176.6,212.6,231.9,269.4,307.8,322.1,286.8
11219,Brooklyn,11.2,10.1,12.3,12.0,12.0,8.4,8.8,12.6,5.8,11.4,11.0,9.3,9.7,12.9,15.9,16.7,16.2,14.4,14.0,16.3,13.2,13.3,13.9,10.1,11.0,10.3,9.0,8.8,12.4,12.0,13.0,10.3,10.0,10.3,8.9,7.6,8.2,9.9,12.7,13.2,14.9,15.8,15.5,15.1,16.3,15.5,21.7,25.5,32.7,35.9,32.4,29.5,30.6,29.2,36.4,37.3,41.8,48.2,50.0,50.6,46.3,42.2,43.9,45.8,51.2,54.9,52.7,59.5,49.1,53.4,43.0,37.6,42.2,42.4,48.6,46.3,56.1,53.7,55.8,69.3,79.0,69.0,78.6,68.6,89.6,91.0,107.5,91.6,106.6,113.3,116.2,61.9,69.6,80.4,71.6,58.6,58.9,62.4,83.4,100.4,104.4,108.1,107.1,109.6,93.5,114.4,115.4,92.5,111.2,93.4,101.4,106.0,121.1,88.6,104.0,120.4,102.0,78.3,76.0,61.0,66.0,60.0,51.6,35.1,58.3,78.4,96.2,111.9,116.2,115.4,94.1,78.7,94.5,105.4,111.0,108.6,107.1,115.3,107.1,106.8,84.6,106.8,91.1,81.6,86.6,88.1,90.1,93.1,79.3,89.0,83.0,67.4,62.5,66.2,69.3,56.2,50.3,49.0,60.0,59.2,56.6,57.2,68.9,77.0,74.8,52.0,52.4,54.8,52.7,42.5,38.0,36.1,50.7,55.5,65.2,72.7,59.0,56.1,57.6,49.5,58.2,53.9,63.1,53.1,57.4,63.6,77.2,67.5,65.7,61.0,45.6,41.4,39.0,36.8,44.4,50.8,58.6,61.8,55.3,45.6
11220,Brooklyn,55.4,51.0,46.4,46.1,45.6,43.5,37.0,38.0,21.2,28.7,29.3,27.0,31.3,42.5,43.4,39.5,34.4,41.5,41.4,39.9,27.1,26.5,27.6,24.6,25.8,24.2,29.9,24.0,28.3,40.5,32.7,26.6,30.6,37.6,35.2,30.2,41.4,40.7,50.5,48.6,58.9,61.9,75.2,79.2,86.5,115.2,139.2,137.2,211.6,229.4,198.2,184.5,162.5,148.2,176.4,177.0,178.6,187.0,161.0,160.1,185.1,178.3,174.7,174.7,193.9,216.7,226.9,224.1,194.0,207.3,188.1,163.1,172.5,163.9,172.9,182.6,201.8,236.4,231.4,243.2,218.3,213.1,212.3,188.8,233.4,255.2,334.3,343.9,419.4,446.8,450.9,320.6,304.1,398.2,313.3,262.5,286.9,281.2,349.0,389.2,456.2,507.8,454.3,472.7,377.2,419.4,357.5,311.7,369.5,341.0,375.2,398.6,395.7,362.6,397.3,399.3,305.8,288.6,260.7,204.2,244.1,219.3,193.9,144.8,224.5,268.1,386.0,455.4,454.7,488.6,422.1,368.7,384.8,368.5,394.3,415.0,397.1,387.2,371.5,371.5,288.7,308.5,292.6,238.1,230.3,215.3,225.9,221.3,200.0,187.7,206.8,193.0,203.5,215.7,198.0,190.0,213.5,206.3,240.9,204.3,217.4,226.8,233.0,235.3,204.7,206.6,199.5,170.9,184.8,181.8,182.2,188.7,210.9,196.7,228.1,242.6,192.9,197.5,176.5,157.2,176.1,177.9,201.1,220.5,228.9,216.2,202.2,218.1,225.8,219.8,194.7,187.2,192.3,190.8,205.3,202.2,215.0,203.4,197.5,189.2
11221,Brooklyn,39.6,36.2,38.1,52.6,44.0,36.8,36.1,39.3,37.5,41.8,40.3,58.8,75.4,89.1,92.4,77.9,74.5,57.0,60.5,66.4,52.7,57.0,61.6,55.3,64.1,76.0,77.5,87.9,93.3,102.4,109.8,105.6,91.3,82.6,78.3,88.4,100.9,113.9,124.6,134.7,135.4,147.1,173.0,210.0,190.5,242.1,249.7,258.3,279.7,290.0,348.6,389.4,431.6,470.5,537.3,576.4,532.5,486.2,526.3,514.9,559.6,579.0,624.5,687.6,771.3,964.3,1164.4,1141.4,873.3,738.2,606.8,543.7,558.0,593.8,671.2,704.6,889.1,986.1,1087.5,1160.3,1035.9,893.3,867.0,804.7,882.1,856.8,1029.7,1066.1,1319.1,1532.4,1569.0,1061.8,970.4,935.7,946.5,776.9,863.9,797.5,879.2,954.7,1201.1,1339.2,1549.8,1695.1,1368.6,1657.9,1553.8,1472.8,1515.0,1286.8,1233.4,1119.8,1273.5,1295.8,1419.7,1313.9,1022.3,825.3,693.4,604.7,699.4,689.1,648.3,570.0,1160.4,1615.7,2064.0,2307.4,2292.0,2041.2,1940.7,1857.3,1849.9,1671.5,1818.5,1861.0,2045.0,2071.1,1963.8,1652.7,1097.6,1063.8,999.5,867.3,832.7,725.3,929.8,826.3,794.1,902.8,988.2,1026.2,934.1,836.1,839.3,702.0,776.3,763.0,839.5,793.4,1009.1,1137.0,1161.6,1156.0,966.8,954.7,951.9,819.0,921.5,874.6,937.2,914.1,1076.8,1192.9,1402.9,1372.8,1213.4,1094.7,956.8,860.2,851.9,748.5,859.9,950.2,1115.9,1180.5,1235.9,1180.4,1001.4,878.8,761.1,717.4,697.1,675.8,830.3,832.8,963.7,1162.1,1224.7,1017.7
11222,Brooklyn,106.5,92.4,104.3,88.6,72.6,71.7,56.8,44.0,44.8,79.8,75.7,78.4,71.7,66.7,55.2,62.5,79.9,80.8,83.2,74.9,69.4,71.4,72.7,88.1,79.9,90.8,104.5,91.1,112.1,96.6,105.8,107.2,112.3,101.8,104.4,124.7,144.7,137.6,140.8,158.1,139.3,152.0,182.9,195.2,208.9,209.7,194.5,250.1,262.4,238.9,275.1,291.8,312.8,318.5,375.9,407.3,390.7,364.2,361.6,380.5,406.0,402.9,444.9,483.3,611.5,632.6,581.3,602.9,587.8,536.8,442.9,372.5,371.1,380.2,411.9,467.8,544.3,613.6,663.7,683.8,614.1,515.1,487.6,468.3,603.6,647.0,760.6,770.5,759.9,723.1,725.9,611.4,636.9,636.5,554.3,491.9,574.9,519.7,571.1,637.1,748.5,749.4,806.5,833.4,749.6,848.1,714.5,593.8,827.7,716.1,638.9,601.9,578.0,538.1,585.5,476.0,370.9,298.6,279.1,243.5,297.2,254.4,245.4,291.1,564.6,862.4,1139.4,1363.4,1386.4,1296.4,1083.8,1010.2,1037.8,885.1,936.4,895.8,746.5,558.3,550.9,462.9,301.1,265.0,231.1,208.0,226.8,210.9,283.1,232.7,286.9,392.2,483.6,530.5,525.0,507.5,456.8,396.9,452.0,405.9,417.2,386.1,434.1,467.3,588.4,628.2,621.9,639.4,568.7,528.5,559.4,582.4,578.0,554.0,645.5,692.1,802.3,826.6,760.9,658.3,586.4,467.6,621.9,578.5,596.6,572.5,637.6,598.3,752.5,772.5,748.6,649.1,601.9,562.9,582.1,564.6,680.0,603.7,615.1,676.8,727.7,702.2
11223,Brooklyn,3.6,6.0,6.6,7.2,3.6,1.8,4.2,3.0,4.2,6.6,6.6,6.0,8.4,12.0,6.6,4.8,6.0,6.6,9.6,11.4,7.2,7.8,6.6,8.4,6.0,6.0,2.4,3.0,7.2,7.2,9.0,15.7,17.5,29.5,29.5,18.7,35.5,27.1,30.7,21.1,21.7,27.7,24.7,19.3,18.7,23.5,17.5,19.3,16.3,19.9,27.1,33.1,29.5,24.1,20.5,16.9,18.1,19.3,18.7,27.1,28.3,22.3,33.7,44.6,45.2,37.4,30.7,33.1,36.1,51.2,41.6,37.4,49.4,27.1,35.5,30.1,33.7,31.3,36.1,34.3,44.0,44.0,36.1,47.6,63.9,63.9,67.5,56.6,68.7,76.5,69.9,28.3,28.3,28.3,28.9,27.7,33.7,38.6,47.0,45.2,51.8,42.2,48.8,57.8,63.9,66.9,56.0,48.8,45.8,52.4,61.5,58.4,51.2,41.0,59.6,50.0,48.8,46.4,47.0,37.4,42.8,39.8,28.9,13.3,24.1,31.3,35.5,40.4,46.4,45.2,36.1,42.2,47.0,44.6,54.2,60.2,52.4,56.0,64.5,60.8,37.4,52.4,51.2,53.0,54.8,59.0,69.3,58.4,57.2,47.6,45.2,34.9,32.5,33.7,31.3,37.4,27.7,27.7,42.2,31.9,22.9,24.1,31.3,28.3,26.5,33.1,29.5,26.5,30.7,33.7,39.2,34.9,37.4,50.0,48.2,44.0,47.6,44.6,48.2,43.4,53.0,47.6,59.0,63.3,69.9,53.6,52.4,57.8,54.2,56.6,56.6,51.2,57.8,48.2,45.8,47.6,47.6,42.8,53.0,45.8
11224,Brooklyn,4.6,1.8,1.8,0.0,0.0,0.0,0.0,0.0,0.0,0.0,0.0,0.0,0.0,0.9,0.0,0.0,0.0,0.0,0.0,0.0,0.0,0.0,0.0,1.8,3.7,6.4,4.6,3.7,5.5,4.6,3.7,9.2,11.0,22.0,19.3,8.3,12.8,14.7,16.5,16.5,17.4,18.3,24.8,19.3,16.5,23.9,27.5,22.9,11.0,12.8,13.8,19.3,11.9,6.4,10.1,8.3,13.8,13.8,12.8,17.4,26.6,22.0,31.2,25.7,32.1,36.7,38.5,45.9,74.3,53.2,28.4,30.3,45.9,34.9,28.4,26.6,33.9,29.4,30.3,26.6,33.0,36.7,32.1,26.6,33.0,32.1,37.6,30.3,35.8,35.8,36.7,19.3,28.4,34.9,25.7,24.8,21.1,26.6,44.0,42.2,38.5,35.8,35.8,29.4,25.7,27.5,18.3,21.1,22.0,14.7,27.5,19.3,22.9,22.0,21.1,20.2,21.1,22.9,26.6,39.4,48.6,40.4,39.4,36.7,39.4,56.9,53.2,49.5,65.1,63.3,68.8,57.8,70.6,72.5,73.4,63.3,78.9,82.6,73.4,71.6,57.8,52.3,60.5,66.1,58.7,54.1,46.8,33.0,33.9,31.2,27.5,22.9,27.5,36.7,36.7,41.3,42.2,35.8,31.2,33.0,23.9,22.9,40.4,35.8,33.0,32.1,27.5,35.8,53.2,30.3,39.4,32.1,44.0,55.0,45.0,48.6,76.1,63.3,47.7,60.5,98.2,94.5,96.3,104.6,108.3,100.9,112.8,109.2,131.2,91.7,91.7,82.6,80.7,92.7,95.4,87.2,75.2,82.6,93.6,79.8
11225,Brooklyn,24.2,20.8,20.6,22.5,23.0,19.5,16.0,19.1,17.7,13.1,22.1,24.7,33.3,34.2,29.6,28.1,29.2,32.8,35.9,32.2,33.6,28.9,36.8,40.0,45.7,42.3,45.6,42.4,39.9,38.6,48.8,48.2,38.7,40.1,40.5,38.3,44.1,42.4,41.3,49.8,49.0,51.9,66.3,79.6,73.8,91.4,80.5,91.3,104.7,119.7,142.7,147.8,162.1,185.9,226.9,252.5,227.0,252.5,284.7,310.6,322.6,343.2,353.9,363.2,382.1,416.6,414.3,436.7,359.4,285.1,246.4,221.9,227.7,241.8,251.7,267.6,294.0,329.3,409.1,491.2,465.4,412.1,420.5,376.2,415.4,385.0,459.0,449.2,527.8,584.4,588.6,389.2,369.6,401.8,444.9,405.6,413.1,411.1,413.9,482.6,579.8,594.5,523.0,502.7,420.8,545.9,536.2,501.4,506.0,510.2,565.4,487.9,557.7,524.8,511.9,470.8,402.5,314.9,285.4,285.7,329.3,282.9,247.1,228.9,389.0,579.5,704.8,793.5,862.8,787.9,678.5,631.1,637.7,565.4,563.2,589.8,643.9,671.9,622.0,575.4,411.3,438.5,376.0,360.1,339.0,256.7,286.5,254.2,281.3,311.1,340.9,362.9,308.1,280.8,316.9,275.3,300.4,272.6,303.9,259.0,309.8,373.6,371.1,378.7,326.2,340.8,333.9,286.8,300.5,294.1,333.2,266.9,381.2,393.2,446.6,430.0,399.5,381.7,345.0,335.1,347.8,285.6,321.9,280.2,333.7,368.1,402.6,391.6,351.7,322.3,271.0,250.0,261.2,251.7,302.9,297.0,340.8,381.0,367.1,324.9
11226,Brooklyn,18.1,17.6,18.5,20.5,14.1,17.8,18.4,25.5,22.9,17.8,18.1,18.0,17.8,25.0,25.3,38.7,26.6,31.0,27.7,27.4,28.4,31.3,34.5,31.6,26.2,27.2,24.0,20.6,17.4,27.0,37.5,44.0,35.1,37.1,35.1,29.6,54.9,47.2,41.3,44.6,51.5,52.0,61.6,80.2,69.4,79.4,84.6,87.7,102.5,91.3,102.6,115.0,115.9,139.5,186.9,234.6,255.9,298.1,310.1,290.1,293.0,314.4,317.0,308.4,335.7,383.0,381.2,378.5,333.9,331.7,308.3,291.1,268.8,276.7,307.1,287.0,313.0,355.7,367.6,387.7,389.2,356.3,416.3,415.9,484.4,455.6,520.7,505.1,562.7,576.5,576.2,409.3,425.5,454.1,460.4,415.4,501.7,509.6,478.6,460.0,487.9,526.2,629.7,631.4,509.2,687.4,716.1,728.3,768.0,681.9,674.6,574.1,666.0,585.7,540.2,588.2,551.1,474.3,440.3,411.2,452.9,450.4,387.6,290.0,440.2,594.5,708.7,823.9,789.7,774.0,741.3,665.8,679.9,619.5,648.4,635.1,701.3,752.6,706.7,714.1,497.5,582.5,587.1,466.1,467.9,498.1,527.2,433.8,520.5,502.9,550.5,557.8,492.3,446.4,532.8,472.2,496.0,503.5,539.1,435.2,507.2,553.7,581.3,612.5,473.8,516.7,561.8,452.3,508.0,491.4,488.6,471.7,648.7,644.7,737.2,777.8,761.6,615.0,587.5,534.6,550.1,518.0,481.8,474.3,624.3,646.3,714.4,659.4,611.2,558.5,513.5,538.8,562.7,474.1,542.9,565.9,689.4,771.3,756.9,665.2
11228,Brooklyn,3.8,3.2,4.3,5.1,6.4,4.5,4.2,6.1,4.6,6.5,6.6,5.8,6.1,7.0,9.5,12.2,11.8,11.4,11.1,12.1,11.2,11.2,10.7,9.5,11.6,10.0,7.7,7.1,7.6,6.0,6.0,5.8,6.5,5.3,4.5,3.9,5.5,8.5,8.6,9.2,9.3,7.9,6.5,7.7,9.5,12.2,17.5,13.8,16.9,24.5,21.6,16.5,13.6,20.5,24.6,22.7,23.5,25.9,29.3,28.5,30.8,24.1,25.1,29.9,35.4,39.1,36.2,36.9,32.6,31.6,34.0,27.9,26.8,25.7,25.4,32.0,35.8,30.0,35.9,41.7,33.4,35.8,38.9,39.3,49.7,51.6,67.1,61.2,59.9,62.3,64.3,28.8,35.3,36.9,39.5,29.9,37.0,38.7,54.4,55.7,61.0,63.4,64.1,69.7,68.9,65.7,56.8,47.2,60.7,62.8,60.5,59.9,68.8,59.3,53.1,57.3,52.8,51.9,45.0,36.0,36.7,33.5,24.4,12.0,23.1,31.0,37.7,45.5,53.1,56.6,53.6,61.0,67.7,67.7,73.4,73.7,67.6,76.0,70.4,54.7,45.5,64.9,54.4,41.6,48.3,43.6,50.2,46.0,44.1,38.1,37.3,32.1,36.5,41.3,30.3,23.2,29.2,23.5,27.8,26.2,23.7,24.7,30.0,30.0,24.8,31.9,25.9,20.7,26.3,24.7,26.8,27.2,23.0,31.9,30.7,29.7,27.7,27.8,27.2,22.0,28.3,28.5,30.2,27.8,30.3,21.1,22.1,18.4,25.9,26.6,24.0,21.1,21.2,19.6,17.8,21.2,20.5,21.9,21.5,18.4
11229,Brooklyn,4.1,6.9,7.0,7.0,5.9,5.7,4.3,5.6,3.8,3.8,4.8,12.7,22.7,25.9,24.5,19.5,18.3,17.9,16.3,15.9,17.2,16.5,12.6,16.8,11.3,16.1,12.9,17.2,21.6,14.8,18.1,18.3,11.3,19.2,19.1,14.9,20.3,19.6,21.3,25.2,19.5,19.1,32.5,25.9,28.2,27.9,24.7,30.5,26.6,38.5,38.1,36.3,34.5,45.0,48.9,48.9,58.6,43.7,26.3,29.3,34.3,31.3,40.5,45.5,54.9,55.0,63.7,46.9,52.3,59.8,51.9,46.3,53.2,40.8,48.9,45.4,50.2,44.9,43.2,44.7,54.2,53.0,61.5,68.0,75.5,85.5,112.2,102.6,106.2,96.6,88.0,53.8,58.9,63.4,53.7,48.7,59.0,54.6,57.6,66.3,71.2,69.2,76.7,66.1,70.7,84.3,84.5,69.4,75.4,74.9,88.1,87.8,101.6,95.5,77.6,71.0,68.0,51.9,48.9,47.0,49.5,47.3,43.7,31.4,38.2,45.8,50.2,55.9,63.0,67.0,66.1,70.0,70.1,74.9,75.6,65.0,65.1,67.7,73.7,68.2,60.0,71.1,60.8,58.0,61.0,62.2,76.1,53.9,55.6,53.3,45.9,41.2,40.8,39.9,31.6,35.9,37.2,37.5,39.6,26.8,26.0,33.7,32.7,44.5,45.3,44.3,36.6,47.1,44.5,42.5,43.3,37.9,39.2,37.0,47.2,42.7,41.6,37.1,37.1,34.4,34.2,35.9,38.2,46.8,43.1,30.4,31.5,33.7,38.8,33.8,33.9,34.4,35.8,39.1,38.4,37.0,38.9,47.4,54.0,46.9
11230,Brooklyn,14.6,15.0,16.3,15.7,9.6,13.3,15.2,16.0,9.4,14.0,16.8,16.7,18.4,31.7,38.0,35.5,34.5,32.9,32.5,36.9,37.2,41.5,37.1,40.3,31.8,37.7,29.3,24.7,23.7,38.6,43.3,44.3,33.6,45.1,41.6,35.4,48.0,48.1,50.2,51.3,47.5,42.9,51.5,60.7,56.0,58.2,70.1,62.0,68.5,66.9,74.2,77.8,92.7,114.9,133.3,158.6,164.1,172.8,169.5,176.4,175.4,178.0,179.7,193.3,204.9,230.9,245.9,250.4,216.1,215.7,189.5,180.7,160.6,172.4,199.3,201.6,203.0,204.3,198.4,209.7,211.5,194.7,223.4,223.5,279.1,307.2,367.9,352.4,412.6,401.1,379.6,229.8,236.8,267.7,279.8,253.7,264.1,269.2,271.6,257.7,316.0,318.0,398.9,372.0,314.8,422.7,411.5,385.3,410.7,367.9,418.9,346.7,441.6,373.5,363.6,411.1,363.3,324.1,324.7,296.9,305.3,287.0,250.1,180.4,283.7,346.2,428.7,477.0,475.7,444.3,444.6,434.4,430.1,389.2,415.9,393.4,434.5,460.2,442.4,440.0,331.4,385.8,346.2,313.9,307.9,302.2,321.2,265.4,318.7,287.6,308.8,301.6,262.6,220.9,272.0,253.1,276.1,293.7,318.4,267.3,289.7,291.8,316.3,310.8,240.4,249.7,281.9,245.8,258.7,272.0,295.7,268.8,347.7,323.5,371.5,375.3,380.6,332.6,312.3,300.0,310.4,268.4,272.2,267.5,346.8,362.9,408.5,378.8,332.6,301.1,286.7,282.1,324.2,278.4,299.7,296.2,373.0,405.9,390.7,347.0
11231,Brooklyn,76.4,72.0,64.3,62.1,64.9,65.4,57.7,52.2,45.1,51.7,58.3,45.6,59.9,57.7,62.7,60.5,79.7,77.0,85.2,62.7,55.5,59.4,57.2,55.5,66.0,59.9,74.8,72.6,89.6,108.3,99.0,95.7,76.4,83.0,81.9,79.7,95.7,84.1,77.5,100.1,122.6,134.2,154.5,136.9,133.6,138.0,144.6,142.4,158.9,169.4,176.0,182.0,195.2,243.1,255.2,265.6,297.0,300.3,277.7,257.9,266.2,270.0,287.6,277.2,268.9,287.6,302.5,306.3,275.0,275.5,251.9,233.2,250.8,243.6,272.2,288.2,304.7,338.2,324.5,325.0,308.5,291.5,277.2,257.4,290.9,288.7,337.1,341.5,398.2,429.0,443.3,365.7,353.1,355.8,297.0,249.7,283.8,308.0,316.2,312.4,363.0,339.3,341.0,324.5,292.0,293.1,246.9,204.6,261.2,224.9,255.2,267.3,281.0,275.0,259.6,265.1,234.3,214.5,176.0,156.7,154.0,153.4,165.0,136.9,257.4,386.6,491.7,569.2,561.5,551.1,492.8,429.0,435.6,404.2,409.7,373.4,327.8,319.0,275.5,231.0,178.7,139.7,122.6,102.3,107.2,118.8,117.1,135.8,166.6,191.4,189.7,187.5,165.5,174.3,154.5,123.2,139.1,127.0,169.9,147.4,173.8,220.5,233.2,221.6,203.5,200.7,178.2,157.3,161.1,157.3,162.8,162.2,188.6,196.9,237.6,251.9,234.3,210.1,173.2,162.2,214.5,225.5,225.5,243.1,318.4,321.2,363.0,380.0,378.4,332.7,278.3,290.4,286.5,266.7,274.4,268.9,311.8,347.6,344.3,348.1
11232,Brooklyn,21.2,19.1,16.3,16.1,17.2,16.1,13.0,14.2,7.2,9.4,9.7,9.1,11.2,18.0,15.9,13.9,10.4,14.7,14.6,14.6,7.7,8.1,9.6,8.4,9.0,7.4,10.8,8.7,11.6,17.2,13.2,9.3,9.5,12.9,12.0,11.5,15.7,14.5,17.7,17.2,21.8,24.2,29.3,29.2,31.1,34.6,37.5,37.3,59.4,61.0,52.4,54.0,65.6,54.8,66.4,63.1,59.2,58.9,42.2,44.9,56.3,58.4,55.3,48.4,54.9,71.5,75.3,74.7,67.4,70.5,59.8,50.5,52.6,51.3,55.5,57.9,65.0,84.5,83.8,90.9,84.3,76.2,73.0,65.7,71.2,72.7,95.0,99.3,131.0,136.6,145.3,121.8,110.9,156.9,98.8,87.8,93.8,85.5,107.1,122.1,151.0,177.8,157.6,167.1,120.0,133.0,115.4,104.8,119.8,105.6,120.8,127.1,120.0,117.2,133.2,134.2,95.8,86.0,77.9,58.4,77.0,73.7,63.6,55.9,90.9,103.1,150.2,178.1,164.2,170.8,142.9,127.7,129.3,116.0,124.9,136.9,126.9,121.2,123.0,128.2,93.2,95.2,90.1,68.9,66.9,65.0,63.5,67.7,69.5,61.6,71.5,65.7,65.7,65.0,60.3,61.2,76.5,73.4,81.8,72.5,82.9,85.8,93.0,93.8,74.3,73.6,71.5,62.8,61.7,65.9,64.3,70.3,80.7,73.2,89.8,97.1,77.7,75.0,60.6,55.4,63.0,63.4,67.8,79.3,80.6,82.7,84.4,94.3,95.8,91.5,81.2,82.2,82.6,80.0,87.6,85.2,91.0,86.0,80.0,78.8
11233,Brooklyn,28.5,26.0,25.0,26.6,23.8,23.9,22.3,26.4,22.8,25.7,26.0,30.2,37.7,40.8,36.6,36.4,34.0,33.1,37.5,39.1,36.4,37.4,38.2,36.9,42.6,45.3,43.3,46.3,48.9,48.6,53.3,55.9,47.0,45.5,45.6,52.3,56.7,59.2,64.5,74.3,73.6,75.3,87.5,97.9,90.3,111.8,111.6,120.6,133.5,132.6,164.1,175.0,187.2,200.3,231.2,265.3,241.0,235.9,264.0,263.8,269.9,279.4,294.8,300.3,339.1,387.3,427.5,431.6,357.8,315.7,267.2,239.5,252.9,253.2,287.4,294.3,329.2,369.7,407.9,441.3,397.9,357.0,360.8,334.8,379.1,368.7,439.0,445.8,529.6,582.1,600.9,383.6,352.6,380.4,384.0,322.6,337.8,323.7,344.3,381.2,436.3,453.8,492.1,485.7,417.3,509.3,464.5,420.2,438.5,406.8,437.3,420.6,462.9,490.1,516.5,486.7,378.6,305.1,275.5,251.9,294.4,276.1,252.6,214.3,417.0,570.1,718.7,789.5,780.7,719.9,668.7,631.9,610.6,544.5,571.7,578.1,628.1,642.1,634.2,554.3,377.6,380.5,360.4,303.8,288.8,229.0,276.3,246.2,277.9,309.6,334.9,359.5,339.4,289.7,280.4,243.5,287.0,279.6,305.4,288.0,343.7,373.3,367.5,379.4,325.0,336.1,331.7,280.4,310.0,283.5,297.3,289.4,369.3,418.3,430.4,431.7,395.5,381.6,350.6,312.3,315.2,281.5,320.0,317.7,372.0,399.2,427.3,378.2,339.2,308.4,274.9,243.7,252.9,241.8,301.8,288.1,314.5,377.1,389.1,353.8
11234,Brooklyn,1.0,1.4,1.4,1.4,1.0,1.0,1.9,1.9,1.0,1.9,1.0,0.0,0.5,8.9,8.9,7.5,8.5,7.5,7.0,7.5,6.6,4.7,2.9,2.8,1.0,1.0,2.9,2.4,1.4,1.4,3.8,3.3,4.3,6.6,3.8,1.9,1.9,3.3,6.1,6.6,7.1,6.1,5.2,7.1,9.4,13.6,12.7,6.7,6.2,3.9,3.9,5.3,4.8,12.8,11.9,15.7,22.3,27.0,24.1,22.2,16.6,13.4,13.0,20.4,22.7,18.6,17.7,17.7,19.2,21.1,16.4,22.4,14.4,10.1,24.3,18.2,24.4,19.7,21.0,22.4,20.1,27.0,28.0,28.5,33.3,43.1,40.4,35.2,32.4,31.5,29.6,25.2,15.0,17.3,25.2,32.7,27.2,28.5,26.2,23.5,23.9,20.6,28.3,44.2,38.9,39.8,37.9,31.8,27.6,43.4,37.0,27.2,19.3,19.7,14.6,30.1,31.4,23.4,29.1,29.9,24.0,16.5,14.9,10.1,7.8,12.7,13.5,24.4,19.8,16.9,24.0,27.2,30.0,23.9,17.9,22.9,24.8,23.0,18.8,21.6,30.8,29.0,20.2,15.0,21.6,26.1,28.4,26.7,17.5,22.6,24.0,33.5,32.9,37.0,29.6,28.6,22.0,19.2,35.1,26.1,30.0,27.7,26.7,30.1,23.4,20.7,30.1,26.3,23.1,25.8,26.7,18.8,20.9,18.5,14.0,14.4,24.7,28.6,17.8,15.5,18.5,16.0,14.5,14.5,22.5,19.4,15.6,15.6,13.8,18.5,17.6,20.0,15.7,11.9,13.7,13.2,12.2,14.3,14.9,19.0
11235,Brooklyn,10.9,15.4,14.5,13.5,10.9,11.7,7.7,12.2,8.1,7.7,8.6,22.6,45.0,53.2,53.4,41.9,43.5,44.9,36.0,33.9,39.7,40.5,27.0,37.2,24.1,33.5,28.0,35.7,53.2,46.0,52.2,51.4,35.9,48.8,52.7,47.3,48.3,49.6,62.9,72.0,78.9,71.5,94.7,91.2,90.9,89.6,84.8,83.6,63.5,104.3,91.1,88.3,86.2,110.0,127.5,137.1,154.3,130.7,97.6,130.4,127.4,109.8,131.2,189.7,201.9,188.3,179.3,156.9,190.1,197.8,191.6,168.8,184.2,148.6,151.0,162.0,156.6,136.9,128.6,142.8,153.2,149.8,169.8,178.6,200.8,197.7,276.8,275.5,320.2,314.5,263.5,135.6,138.1,160.0,130.9,129.2,161.4,156.1,168.3,196.0,236.5,209.3,215.7,221.6,200.6,209.9,207.2,193.4,200.6,201.2,238.7,256.8,245.4,242.2,234.4,216.4,195.9,158.0,152.8,138.1,136.7,137.6,118.8,94.5,113.1,123.8,140.1,170.0,208.6,218.0,199.8,196.0,198.3,201.7,186.6,177.0,170.1,192.4,186.4,185.5,162.0,196.8,157.4,159.3,169.6,171.5,221.4,160.7,171.4,138.9,106.8,98.1,102.0,87.6,76.0,110.0,126.3,115.7,131.2,83.6,91.5,102.9,92.0,126.6,124.9,113.9,100.0,110.2,106.1,102.1,103.9,96.6,104.5,99.3,129.3,124.0,112.5,100.1,102.5,83.7,91.4,106.2,114.2,125.5,117.3,87.5,83.4,97.9,108.9,79.2,84.2,101.3,93.1,104.9,106.2,101.5,103.3,118.4,145.2,132.6
11236,Brooklyn,3.2,4.8,5.1,4.1,0.4,0.5,1.2,1.3,1.7,3.0,7.5,5.8,7.9,10.1,8.5,11.7,12.5,12.5,15.4,11.5,8.6,8.6,9.5,8.1,5.2,3.6,3.8,4.5,4.6,5.3,3.7,3.8,6.1,3.8,3.5,5.8,11.2,6.4,8.3,10.1,10.2,9.3,12.8,12.4,14.3,12.1,10.1,11.0,10.4,10.6,12.4,13.3,14.3,15.7,23.8,21.5,22.0,24.6,22.7,27.6,27.1,29.6,33.5,27.6,29.5,37.1,35.3,35.1,42.5,40.1,38.3,39.1,29.4,27.6,26.9,27.1,34.6,32.3,31.1,32.0,40.0,41.2,46.8,35.8,41.4,42.7,53.0,40.1,53.7,62.6,57.6,35.3,40.7,43.4,43.5,33.1,48.5,51.4,59.0,54.4,55.0,51.2,49.9,68.1,55.2,51.9,50.0,43.7,51.5,58.7,57.9,41.6,49.8,50.7,56.8,63.0,51.5,50.4,44.6,45.2,61.0,52.6,35.5,21.5,21.1,31.1,38.6,40.7,48.7,39.0,42.6,43.4,49.5,42.0,42.2,41.5,45.8,46.7,54.8,51.5,43.8,54.8,56.8,53.2,60.8,63.9,82.7,73.4,77.1,56.1,55.4,69.7,70.0,58.9,80.2,64.6,57.5,48.2,70.7,53.8,63.6,72.5,63.3,67.0,53.5,62.5,59.5,56.2,59.8,79.5,73.1,55.8,62.8,53.3,55.8,54.6,59.4,61.1,63.7,48.1,64.2,46.7,69.6,57.9,53.1,52.2,45.1,49.6,46.3,53.7,52.1,52.5,47.3,51.4,55.9,49.8,50.7,56.0,65.8,77.6
11237,Brooklyn,37.9,36.8,42.2,50.4,43.4,39.0,39.9,38.6,29.8,29.2,29.8,34.4,42.1,55.2,65.2,51.0,55.8,45.7,43.5,43.4,40.5,41.4,43.2,52.4,50.8,58.4,60.2,65.4,70.0,78.4,83.7,82.7,90.0,87.4,81.1,80.0,84.5,86.5,83.1,86.6,85.6,103.4,137.4,168.5,159.2,191.1,192.0,211.6,224.9,210.8,227.0,250.8,283.9,308.9,362.3,361.9,320.4,282.5,304.3,299.6,346.3,358.6,375.0,423.4,453.5,590.1,746.1,731.5,532.2,437.2,362.5,331.2,360.4,377.5,411.3,440.4,598.5,645.1,697.5,737.2,647.8,543.1,510.0,461.0,512.8,500.6,596.5,628.7,798.4,944.8,950.2,710.9,640.3,578.0,560.5,477.0,541.0,498.8,567.7,627.5,830.5,959.6,1134.6,1293.4,1023.0,1172.9,1099.5,1067.8,1099.3,881.5,800.5,697.5,774.9,767.1,824.1,777.8,606.6,483.6,387.6,333.4,387.3,399.2,384.5,371.3,760.8,1080.4,1378.3,1559.7,1539.8,1361.6,1277.5,1230.5,1243.8,1105.0,1226.8,1265.1,1320.2,1281.2,1167.7,978.5,629.7,600.8,553.9,504.6,494.0,452.6,589.6,519.3,478.0,558.5,625.3,637.5,560.9,510.2,534.2,441.6,479.4,459.4,515.6,488.6,636.7,718.4,761.1,758.7,621.2,587.2,590.1,506.4,560.5,548.8,617.8,598.2,695.3,750.6,947.5,927.3,811.6,682.5,575.0,523.1,522.6,469.8,532.7,609.1,714.5,761.9,805.4,812.6,683.0,584.6,479.4,462.5,432.7,430.0,535.1,555.5,653.9,763.8,820.6,671.3
11238,Brooklyn,87.1,90.3,107.4,112.3,105.3,101.4,113.7,113.1,98.9,91.7,122.9,129.0,127.5,114.6,118.2,117.5,137.0,139.2,148.0,139.7,101.6,100.4,103.4,100.6,100.5,99.3,103.0,112.8,123.1,161.8,167.0,153.7,125.0,124.2,113.7,114.6,127.3,141.9,160.0,194.3,205.1,188.1,214.2,262.5,240.3,282.3,274.6,255.1,250.1,246.8,272.0,278.2,343.0,375.6,449.8,477.3,486.4,502.8,460.1,467.5,473.8,476.1,493.2,474.6,490.9,592.7,644.5,648.1,548.3,440.5,393.2,367.1,385.3,364.6,387.7,409.8,456.3,493.0,551.1,583.7,549.1,543.5,551.3,506.1,586.1,551.4,623.9,646.5,736.1,804.1,791.7,601.1,572.8,563.4,530.0,447.7,484.5,471.2,478.3,499.9,584.6,613.2,645.6,629.7,493.3,618.2,605.7,520.8,550.2,553.8,566.5,564.6,612.0,624.7,621.8,550.0,476.8,397.4,341.3,303.5,333.5,313.7,304.0,264.1,518.9,763.9,955.3,1077.4,1114.6,1036.5,894.4,833.4,777.9,702.0,762.3,702.4,703.0,711.1,647.1,538.2,377.3,391.0,341.9,305.8,339.4,321.4,319.9,305.3,337.1,377.4,402.6,455.6,396.3,391.8,370.3,354.4,385.6,370.0,449.3,422.7,488.4,478.9,496.5,531.4,450.1,463.4,447.1,391.7,394.5,371.4,364.0,379.1,473.8,525.3,553.6,540.0,463.8,458.5,395.9,367.7,371.2,347.9,372.5,401.7,441.6,482.1,604.9,605.5,543.4,486.0,396.2,345.5,347.4,319.7,362.9,374.7,436.1,480.9,522.2,479.5
11354,Queens,10.2,8.6,6.4,5.4,3.8,2.2,3.8,2.8,2.8,2.8,2.2,4.7,6.0,6.3,6.7,7.3,11.4,11.4,13.0,14.9,14.2,18.1,13.3,8.6,9.5,10.2,7.9,9.8,13.3,12.7,19.7,15.9,14.3,9.5,9.8,9.5,10.8,10.5,13.3,14.3,10.4,11.4,10.8,14.6,15.2,11.4,12.0,12.7,14.9,16.8,19.7,20.9,23.8,27.3,24.1,22.2,23.1,22.5,22.8,26.0,28.5,25.9,26.3,29.5,26.6,26.6,35.1,37.7,38.6,39.3,40.5,38.3,30.1,26.9,39.0,31.7,30.8,39.0,40.2,45.3,43.7,36.5,31.7,34.3,45.3,51.0,67.4,75.4,92.5,117.9,132.8,67.8,49.4,50.4,44.3,46.5,45.3,49.1,54.5,53.3,56.4,56.4,63.4,57.7,60.8,71.3,69.1,68.1,65.3,58.2,63.3,60.2,76.0,70.9,67.1,70.3,69.9,78.5,68.7,57.3,54.2,51.3,32.3,23.7,32.9,46.9,64.9,76.6,58.2,66.5,63.3,57.9,81.0,72.5,85.1,76.0,59.5,61.4,64.3,59.8,48.5,47.2,55.4,49.1,57.0,56.7,76.9,68.1,66.5,71.6,72.0,65.4,60.3,65.3,56.4,63.4,69.5,65.3,74.7,55.1,52.3,53.3,54.0,51.0,39.6,44.7,43.4,46.3,58.7,44.4,50.7,41.3,45.7,48.8,54.8,46.2,46.6,54.5,52.3,56.4,51.1,58.4,63.7,58.0,66.9,64.9,49.1,42.1,42.2,46.5,48.1,48.8,49.8,52.6,67.1,75.7,72.5,68.4,53.5,54.8
11355,Queens,10.9,9.7,6.9,6.1,4.8,2.8,4.8,3.6,3.6,3.6,2.8,6.1,7.7,7.7,8.1,8.9,14.1,13.7,15.8,18.2,17.8,22.2,16.2,10.1,10.9,10.9,9.7,11.7,14.5,14.1,23.0,17.8,17.4,11.7,12.1,11.7,13.3,12.5,15.4,16.6,13.3,14.6,13.3,18.2,17.0,12.9,14.6,15.4,18.2,20.6,23.4,24.3,27.1,31.9,29.5,27.1,28.3,28.3,28.3,31.9,35.6,33.1,32.7,35.6,32.3,32.7,43.6,46.9,49.3,46.5,49.7,47.7,37.6,33.2,47.7,38.8,36.4,46.1,49.3,54.2,52.1,42.8,36.8,39.2,53.4,61.4,84.1,93.0,114.4,140.7,158.1,82.5,60.2,60.6,54.6,59.0,56.6,60.6,66.3,63.5,68.3,68.3,77.2,70.3,74.0,87.3,82.1,82.9,79.6,73.6,77.6,74.4,95.4,87.3,82.5,86.9,87.7,98.2,85.3,70.3,66.7,64.3,40.8,29.9,40.8,58.2,80.4,94.6,73.2,82.0,79.6,73.6,100.6,88.9,106.7,95.0,72.8,75.6,80.0,74.0,59.0,57.4,67.5,60.6,70.3,68.3,95.4,82.9,81.3,86.5,84.5,74.4,69.1,78.4,67.1,74.8,80.4,78.0,91.8,67.9,61.9,63.1,60.6,60.2,46.5,54.2,51.3,55.0,68.3,51.3,60.6,46.5,52.9,59.0,66.7,57.0,56.6,65.9,61.0,66.7,59.0,66.7,75.6,69.5,80.4,79.2,60.2,51.7,50.5,57.4,59.8,58.6,59.8,64.3,82.9,93.0,88.1,83.3,66.3,66.3
11356,Queens,2.9,1.7,1.7,1.2,0.0,0.0,0.0,0.0,0.0,0.0,0.0,0.0,0.0,0.6,0.6,0.6,0.6,1.2,1.2,1.2,0.6,1.2,1.2,1.2,1.7,2.9,0.6,1.2,3.5,2.9,2.9,3.5,1.2,0.6,0.6,0.6,0.6,1.2,2.3,2.3,0.0,0.0,0.6,0.6,3.5,2.3,1.2,1.2,1.2,1.2,2.3,3.5,4.6,4.1,1.8,1.8,1.8,0.6,1.2,1.8,1.2,0.1,1.2,2.9,2.4,1.8,1.8,1.8,0.1,5.2,3.0,1.8,1.2,1.8,3.0,2.4,4.1,5.2,3.0,5.3,5.3,5.2,5.2,6.4,6.4,5.3,3.0,4.8,5.4,14.0,16.4,5.9,4.1,5.3,3.0,0.7,1.8,3.0,4.7,6.4,5.3,5.3,5.3,4.7,5.3,5.3,8.8,5.9,5.3,1.3,4.7,3.6,2.5,4.8,4.8,4.2,2.5,3.1,3.6,4.2,3.6,1.9,0.7,0.6,1.8,2.4,3.6,4.8,1.9,4.2,1.9,0.7,4.2,5.3,3.1,3.1,4.7,4.2,3.0,3.6,4.1,4.1,4.7,3.0,3.6,5.9,4.2,5.9,5.3,7.1,10.5,12.7,11.0,7.0,7.0,8.7,11.6,7.6,5.3,3.6,7.0,7.0,11.6,7.0,5.8,4.1,5.8,5.8,9.3,7.5,5.9,8.7,7.6,4.7,4.7,3.0,4.1,5.3,8.1,7.6,8.7,11.0,8.2,6.4,7.0,5.3,3.6,3.0,4.7,3.0,2.4,5.3,5.3,4.1,4.2,5.3,6.5,5.9,3.0,5.3
11357,Queens,11.5,11.2,10.0,3.6,1.9,0.5,0.6,0.5,0.5,0.5,0.5,3.0,3.1,4.8,5.2,5.6,7.6,7.6,6.4,7.2,7.4,7.7,7.7,8.1,11.2,13.1,13.6,8.2,15.7,10.2,14.7,14.5,13.1,16.7,17.7,15.7,12.8,11.8,10.2,6.3,6.0,4.8,3.8,7.0,6.8,4.4,12.3,19.3,16.1,11.3,15.0,13.9,12.6,13.1,10.9,15.1,12.5,3.3,8.4,13.3,16.4,12.1,14.2,8.3,13.4,11.3,9.9,9.1,6.6,43.3,20.1,13.8,16.2,21.7,33.7,25.4,21.9,18.3,16.1,14.4,13.0,12.8,11.9,13.8,24.6,28.8,23.5,20.0,23.9,32.1,34.4,15.3,13.2,13.7,9.7,9.5,10.9,13.0,15.6,14.4,19.4,22.4,24.3,12.8,12.1,22.4,19.1,16.0,16.4,18.7,23.6,22.6,19.4,21.0,24.8,21.9,20.7,22.0,16.1,15.7,20.1,19.0,9.9,8.0,10.8,15.9,27.9,27.8,25.2,17.4,15.2,14.0,20.3,13.6,15.1,12.4,17.6,13.0,21.6,21.4,19.8,12.0,13.7,15.0,13.6,18.2,19.7,20.0,13.8,22.4,21.2,28.2,23.2,28.0,28.9,23.8,28.0,30.4,32.7,33.2,18.8,20.2,16.6,13.4,18.8,22.5,21.0,14.9,13.9,13.4,20.8,18.6,22.7,19.6,9.3,17.2,15.8,26.1,23.6,19.8,24.0,26.5,28.8,23.2,18.5,19.1,16.4,10.5,12.8,21.6,21.6,24.0,19.0,17.0,18.0,20.7,25.4,28.1,29.0,32.3
11358,Queens,5.6,4.7,3.5,3.1,2.5,1.6,2.1,1.6,1.6,1.6,1.2,2.7,3.4,3.8,4.3,4.3,7.4,7.6,8.9,9.6,9.4,10.5,8.3,6.0,6.4,6.3,6.2,7.5,9.5,10.1,13.2,9.3,9.6,7.1,8.5,8.7,8.2,7.8,9.1,10.8,7.8,6.3,5.8,10.3,9.4,9.2,8.7,7.5,8.7,9.8,12.6,14.2,15.4,16.3,15.3,15.8,14.7,14.3,14.7,17.1,19.9,18.0,19.0,21.8,18.5,17.5,22.6,28.8,28.2,24.6,26.4,24.4,20.0,18.8,26.4,25.2,22.2,25.3,28.3,30.0,28.3,23.9,20.0,18.7,26.8,31.6,43.0,46.5,57.4,70.1,77.7,42.3,34.2,34.8,31.4,32.1,31.4,32.4,36.4,33.2,36.5,35.7,42.8,36.2,39.4,46.0,41.7,42.1,40.7,38.5,42.2,40.5,49.5,43.2,41.5,46.2,46.7,54.4,43.2,38.2,39.0,36.0,24.6,15.5,25.8,32.3,39.1,49.6,39.5,42.2,41.2,37.3,49.5,44.3,54.1,48.1,37.3,38.9,38.4,35.4,30.5,29.0,33.0,29.7,32.7,31.8,48.4,42.5,42.2,42.9,42.0,36.9,33.4,38.3,32.6,35.0,40.7,40.4,47.6,34.4,34.2,34.7,30.8,30.3,26.7,28.4,24.4,28.0,35.3,24.8,31.2,25.4,26.7,29.3,33.1,29.3,30.7,33.9,29.4,33.1,28.5,31.9,36.6,36.4,41.1,40.2,30.2,24.9,24.4,27.5,27.7,28.4,29.2,31.2,39.7,43.3,40.8,42.3,33.3,33.2
11360,Queens,3.9,4.0,3.8,3.0,2.1,1.3,1.1,1.1,1.1,1.1,1.1,2.2,1.9,1.3,2.0,3.0,4.9,5.0,4.6,4.1,2.7,2.8,3.4,2.1,2.2,1.4,1.8,2.3,2.8,2.0,2.5,2.2,1.9,1.4,1.9,1.9,1.2,1.9,1.9,2.2,2.6,1.3,1.8,1.7,2.3,2.1,2.4,2.2,1.8,1.3,3.3,4.6,3.6,4.0,5.1,6.5,5.2,5.5,4.8,4.0,4.7,5.0,4.8,3.7,4.1,2.7,3.5,4.3,3.3,2.7,2.5,2.1,4.9,6.7,6.8,5.9,5.9,5.4,5.4,4.9,5.0,5.8,6.4,4.8,5.0,5.0,5.6,4.8,7.2,11.8,14.3,5.0,5.4,6.0,7.6,5.7,5.7,5.8,5.1,3.7,4.0,4.9,6.4,4.9,4.9,3.8,4.4,5.6,6.2,8.6,9.8,10.9,7.1,6.4,6.8,7.6,11.2,11.1,9.5,7.5,8.1,8.2,6.0,6.2,9.2,12.2,11.1,9.9,10.4,10.7,13.9,8.5,8.0,6.8,7.9,4.8,5.1,4.7,4.3,4.4,5.5,5.8,6.6,6.2,6.9,6.7,7.6,6.6,7.2,6.1,6.0,8.6,8.8,9.5,12.7,7.2,11.4,7.1,8.9,6.5,8.3,7.3,8.7,7.8,6.9,5.9,4.6,6.1,6.8,6.1,5.7,6.3,6.8,6.7,8.6,9.9,12.3,9.8,6.0,5.6,7.5,8.4,9.9,11.2,10.8,11.5,5.7,4.2,5.7,8.7,7.6,5.4,3.7,3.6,5.4,4.6,5.9,9.2,6.8,4.5
11361,Queens,7.1,8.1,7.0,5.8,4.7,3.6,2.3,2.3,2.3,2.3,2.3,5.1,3.4,3.6,3.7,5.8,9.0,9.8,11.1,12.0,10.9,11.6,11.3,8.1,8.6,7.5,9.4,9.0,11.6,10.9,13.3,12.0,9.9,7.7,9.9,10.1,6.2,10.1,10.1,11.8,10.5,7.3,9.6,9.0,8.8,7.9,9.6,8.3,10.0,7.1,14.1,14.6,15.7,14.6,17.5,21.0,21.4,22.9,19.1,17.8,21.8,23.6,22.5,19.8,18.4,11.1,15.2,19.1,17.2,14.4,13.5,11.2,15.7,29.1,29.6,31.5,28.3,18.7,18.3,19.3,23.4,24.4,24.4,19.3,20.3,19.7,23.2,22.5,28.3,39.6,53.1,26.6,25.1,25.3,27.2,27.2,23.4,27.6,23.8,19.5,21.2,26.4,30.7,22.9,22.5,20.0,20.2,23.0,29.8,28.9,35.4,27.3,27.9,27.8,29.6,33.7,32.6,35.2,41.1,36.8,32.8,30.2,25.1,19.7,25.1,31.3,28.9,32.6,24.9,33.4,37.3,24.9,29.1,26.2,32.2,25.7,27.4,21.9,23.1,23.5,19.1,27.8,21.9,19.5,23.5,29.7,30.7,28.3,31.9,26.1,22.1,25.7,30.2,23.8,27.4,25.3,34.1,27.7,27.2,24.8,20.2,21.9,33.0,31.7,23.2,21.4,21.2,22.7,29.6,19.1,23.6,27.2,29.8,29.3,36.2,36.4,35.5,35.7,22.1,19.9,26.7,25.0,29.3,25.9,27.0,30.8,23.8,19.1,27.6,26.5,20.5,18.8,20.1,19.5,29.3,25.0,24.8,32.1,26.3,24.0
11362,Queens,3.1,3.1,3.1,1.9,1.3,1.3,1.3,1.3,1.3,1.3,1.3,2.5,2.5,1.9,1.9,1.9,3.1,2.5,1.3,1.3,1.3,0.6,2.5,1.3,1.3,0.6,1.3,3.1,2.5,1.9,3.1,5.7,5.0,5.0,5.0,5.7,7.6,6.9,7.6,5.7,5.7,5.0,6.3,6.3,8.2,8.2,6.9,7.6,5.0,4.4,2.5,2.5,3.2,5.0,3.8,5.7,6.3,6.9,6.3,8.2,6.9,6.9,5.0,5.0,5.0,2.5,4.4,2.5,2.5,4.4,4.4,3.8,5.7,4.4,6.9,10.1,6.9,6.3,6.3,6.3,5.7,8.8,6.9,5.7,6.9,5.7,4.4,7.6,9.5,14.5,18.9,3.8,3.2,3.2,3.2,4.4,0.6,0.6,1.9,1.9,3.8,1.9,3.2,4.4,4.4,6.9,7.6,7.6,5.7,5.7,4.4,3.8,4.4,4.4,3.2,6.3,5.0,7.6,7.6,6.3,5.7,7.6,6.9,6.9,6.3,3.8,5.0,6.3,5.0,3.8,3.2,2.5,2.5,3.8,5.7,2.5,1.9,5.0,3.8,2.5,4.4,5.7,3.2,4.4,5.1,3.8,5.7,4.4,3.8,3.8,3.8,3.8,4.4,4.4,1.9,3.8,5.1,2.5,3.2,3.8,3.8,1.9,2.5,6.3,8.2,5.7,6.9,5.7,3.8,6.3,5.1,2.5,3.8,4.4,8.8,7.6,2.5,3.8,4.4,5.1,3.8,5.1,7.0,6.3,7.6,8.8,9.5,7.6,4.4,3.8,3.8,2.5,1.3,2.5,4.4,4.4,5.1,3.2,8.2,7.0
11363,Queens,1.8,1.8,1.8,1.1,0.7,0.7,0.7,0.7,0.7,0.7,0.7,1.5,1.5,1.1,1.1,1.1,1.8,1.5,0.7,0.7,0.7,0.4,1.5,0.7,0.7,0.4,0.7,1.8,1.5,1.1,1.8,3.3,2.9,2.9,2.9,3.3,4.4,4.0,4.4,3.3,3.3,2.9,3.6,3.6,4.7,4.7,4.0,4.4,2.9,2.5,1.5,1.5,1.8,2.9,2.2,3.3,3.6,4.0,3.6,4.7,4.0,4.0,2.9,2.9,2.9,1.5,2.5,1.5,1.5,2.5,2.5,2.2,3.3,2.5,4.0,5.8,4.0,3.6,3.6,3.6,3.3,5.1,4.0,3.3,4.0,3.3,2.5,4.4,5.4,8.3,10.9,2.2,1.8,1.8,1.8,2.5,0.4,0.4,1.1,1.1,2.2,1.1,1.8,2.5,2.5,4.0,4.4,4.4,3.3,3.3,2.5,2.2,2.5,2.5,1.8,3.6,2.9,4.4,4.4,3.6,3.3,4.4,4.0,4.0,3.6,2.2,2.9,3.6,2.9,2.2,1.8,1.5,1.5,2.2,3.3,1.5,1.1,2.9,2.2,1.5,2.5,3.3,1.8,2.5,2.9,2.2,3.3,2.5,2.2,2.2,2.2,2.2,2.5,2.5,1.1,2.2,2.9,1.5,1.8,2.2,2.2,1.1,1.5,3.6,4.7,3.3,4.0,3.3,2.2,3.6,2.9,1.5,2.2,2.5,5.1,4.4,1.5,2.2,2.5,2.9,2.2,2.9,4.0,3.6,4.4,5.1,5.4,4.4,2.5,2.2,2.2,1.5,0.7,1.5,2.5,2.5,2.9,1.8,4.7,4.0
11364,Queens,4.1,4.7,4.1,3.4,2.7,2.1,1.3,1.3,1.3,1.3,1.3,4.5,3.5,2.8,2.9,4.1,5.9,6.3,7.8,8.4,7.0,7.5,7.3,4.6,7.2,5.0,5.3,5.8,7.3,7.5,10.5,11.4,10.1,7.3,8.5,8.6,5.6,6.5,8.7,8.8,8.2,4.3,7.1,7.3,8.0,5.8,6.2,6.3,6.5,4.9,9.6,11.3,12.7,11.4,15.3,20.2,16.1,16.3,15.5,18.4,26.6,24.8,20.3,21.5,20.8,17.4,18.3,20.1,18.4,19.3,15.7,11.5,15.6,24.9,26.6,26.7,26.5,19.5,20.6,21.9,22.2,25.8,27.4,22.4,25.0,24.5,24.3,24.6,32.3,40.4,47.6,30.0,21.5,24.5,22.7,22.1,19.1,20.9,17.0,11.7,14.1,21.7,23.2,16.7,17.8,16.2,21.8,23.4,29.7,22.4,24.5,20.6,23.9,27.8,25.9,22.8,24.4,21.1,27.4,25.4,25.8,23.7,20.1,17.4,21.5,23.0,20.4,20.7,21.4,27.3,25.9,16.4,21.8,18.7,46.6,36.8,27.5,28.7,22.9,24.0,29.4,44.3,40.9,38.0,62.8,56.8,68.1,56.3,44.2,42.4,48.3,46.7,49.5,33.0,45.6,51.2,39.0,55.2,77.1,58.8,38.8,39.8,61.5,71.9,40.6,31.5,44.3,50.2,68.3,46.1,55.2,52.8,52.2,53.4,59.0,71.7,62.0,66.7,69.4,61.2,59.4,55.4,76.5,60.1,61.5,64.5,61.3,43.1,41.4,34.7,45.4,40.6,39.1,45.4,66.8,54.7,44.2,51.1,72.4,64.4
11365,Queens,1.5,1.1,0.5,0.4,1.2,1.1,0.1,0.1,0.8,0.8,0.1,1.0,1.1,0.8,1.1,1.6,2.9,4.0,3.9,3.8,4.2,2.9,2.3,3.3,2.5,2.5,3.6,4.7,5.4,5.6,5.9,4.5,4.2,3.2,4.1,4.7,6.6,6.3,6.6,7.6,4.4,1.7,1.7,3.6,5.1,5.5,3.9,3.4,3.1,4.0,6.3,9.6,8.3,7.7,8.9,9.5,8.1,8.3,6.0,9.6,9.7,6.7,8.4,12.0,9.3,5.3,6.3,11.5,12.5,9.6,10.1,8.2,8.9,10.2,14.1,13.3,13.8,13.1,14.3,11.8,11.1,8.6,9.4,5.7,11.4,16.6,21.7,24.6,27.4,26.4,31.5,13.9,12.5,12.6,13.0,9.4,8.5,9.8,12.4,12.4,11.6,10.2,15.1,15.3,18.2,17.7,15.7,14.8,12.9,15.8,19.2,23.4,19.4,13.4,15.9,18.5,13.7,14.3,11.7,13.1,15.8,15.2,11.8,4.9,13.8,11.1,10.1,12.2,10.8,13.7,10.8,10.5,15.8,12.5,13.5,9.6,12.2,11.2,11.8,8.2,7.3,7.2,7.0,10.0,8.2,10.9,13.4,17.9,20.3,12.4,12.1,12.5,9.6,8.7,10.5,7.9,10.2,10.9,13.4,9.9,14.8,11.5,27.8,35.2,23.5,15.3,20.2,21.1,25.5,28.3,35.1,27.3,27.1,20.9,19.2,21.4,25.3,29.6,23.3,12.3,16.7,21.5,34.9,34.4,49.0,47.0,30.7,23.7,25.1,24.1,28.6,33.0,32.2,30.9,41.1,36.5,24.7,45.4,67.7,57.4
11366,Queens,0.4,0.4,0.0,0.0,0.2,0.2,0.0,0.0,0.3,0.3,0.0,0.6,0.6,0.2,0.2,0.5,0.9,1.1,1.0,0.9,1.0,0.7,0.5,0.7,0.5,0.5,0.7,0.9,0.9,0.9,1.6,1.6,1.2,0.6,0.6,0.8,1.6,1.4,1.6,1.6,1.0,0.7,0.7,0.7,1.3,1.1,0.9,1.1,1.0,1.2,1.6,2.3,1.7,1.9,2.2,2.3,2.5,2.5,1.7,2.7,2.2,1.4,1.7,2.4,2.0,1.1,1.1,1.7,2.6,2.6,2.4,2.3,2.9,3.1,4.6,3.3,4.2,3.8,3.4,2.6,2.6,2.1,2.9,2.2,3.4,5.2,6.9,8.2,8.3,8.8,11.0,3.5,2.6,2.5,3.3,2.0,1.3,2.0,2.7,4.0,2.9,2.2,3.6,4.9,5.3,4.8,4.5,4.3,3.6,4.4,5.2,6.6,5.1,3.8,4.5,4.7,2.9,2.0,2.5,3.1,3.1,3.7,2.6,1.2,3.1,2.7,3.4,2.1,1.9,3.2,2.2,2.3,4.4,2.9,2.3,1.5,3.5,2.9,3.9,2.0,1.4,1.9,2.0,2.9,2.6,4.8,3.7,5.2,6.0,3.3,3.6,4.4,3.2,2.8,3.8,3.0,3.1,2.7,3.5,2.7,4.3,2.7,8.8,11.1,6.8,4.4,6.7,6.4,7.1,8.9,10.7,8.0,7.7,6.2,5.7,6.5,7.4,8.6,7.4,3.5,4.9,6.4,10.8,10.0,14.2,13.4,9.1,7.6,8.2,7.8,9.2,10.2,9.8,9.2,12.3,10.9,7.3,12.9,20.4,17.2
11367,Queens,7.9,4.5,4.3,2.6,0.9,3.4,5.2,5.2,7.7,6.9,4.3,3.7,4.6,4.4,4.4,6.1,8.0,9.7,8.1,7.9,1.8,4.4,3.5,4.4,2.7,3.5,7.8,8.7,7.0,7.0,4.0,4.9,6.4,5.3,3.6,8.0,6.2,6.1,3.6,9.6,9.5,5.3,5.3,4.5,6.3,10.6,9.7,9.7,8.8,13.1,9.7,13.2,12.1,12.2,8.7,7.2,11.7,10.7,15.0,19.4,20.9,33.8,43.3,30.4,26.0,24.2,26.7,29.5,24.5,22.9,28.8,30.7,29.2,28.4,40.0,38.0,43.3,68.7,58.1,17.7,22.0,27.2,29.9,23.8,45.3,52.7,49.8,51.9,58.4,67.2,79.9,40.5,35.2,40.2,37.1,40.2,45.1,40.0,41.2,30.7,31.0,29.7,38.1,51.2,56.4,63.1,42.4,36.5,27.0,29.5,31.4,34.0,41.6,31.1,52.6,59.6,43.8,32.5,29.0,40.5,32.6,50.7,33.2,23.5,29.0,24.1,29.6,25.5,21.1,22.2,16.8,16.0,29.5,24.8,24.5,23.6,18.3,17.3,15.8,21.1,35.7,41.0,37.7,21.3,33.3,27.6,28.8,29.6,27.1,21.4,25.2,39.3,37.9,25.2,30.4,23.4,25.9,26.6,31.2,17.9,16.8,18.9,29.5,37.0,29.2,15.4,15.5,15.5,20.4,22.2,15.5,24.8,11.3,15.9,16.2,21.5,19.8,18.8,16.3,17.9,23.7,29.7,43.8,37.8,41.9,36.5,37.5,36.8,42.1,39.5,30.8,29.8,36.8,39.2,46.2,39.2,25.4,45.1,50.4,39.3
11368,Queens,31.7,30.4,29.0,28.8,147.9,147.5,148.8,148.6,149.6,148.6,148.5,152.0,153.3,154.2,7.5,8.6,11.5,13.3,11.7,9.3,33.9,36.7,35.5,4.9,4.1,5.0,6.8,6.2,7.6,8.4,19.8,12.1,10.1,8.3,8.3,9.1,7.5,5.4,6.9,7.1,6.5,5.7,6.5,5.4,7.2,6.5,8.8,6.9,8.4,8.9,13.2,78.7,212.3,50.4,45.1,44.6,33.0,27.1,22.2,28.8,41.1,47.4,34.5,42.2,51.5,64.3,62.3,45.4,68.6,65.9,85.1,71.0,55.3,60.3,83.8,68.5,50.3,77.7,80.3,70.4,71.1,67.4,72.2,67.7,75.2,80.9,92.9,111.3,104.4,130.9,113.4,90.3,67.6,85.3,78.3,73.2,91.5,110.0,83.6,64.3,55.3,53.4,46.0,45.9,46.4,56.0,56.0,59.0,54.5,45.5,52.1,74.0,80.0,60.6,53.8,50.8,59.9,78.5,72.1,64.4,74.8,72.4,74.8,55.0,60.1,76.3,82.7,85.1,59.5,85.7,88.1,84.9,94.8,76.0,76.2,97.7,76.0,95.9,83.1,75.3,64.9,28.1,55.6,34.5,65.7,77.1,85.1,69.7,69.1,45.8,36.6,46.4,46.6,50.1,43.3,54.5,63.6,48.2,45.8,39.5,42.2,46.2,41.9,50.8,38.5,25.3,43.1,44.6,59.8,29.4,46.5,49.9,40.4,36.7,44.8,43.1,34.2,40.0,40.0,25.5,31.9,30.4,36.0,35.6,47.4,50.0,52.4,49.0,48.9,40.5,54.5,59.0,57.6,54.5,63.8,47.8,50.7,46.0,51.7,52.8
11369,Queens,1.2,1.2,1.2,1.1,1.1,1.2,1.2,1.2,1.2,0.3,0.3,0.4,0.3,0.3,0.4,0.5,0.7,0.8,0.6,0.6,1.2,1.2,1.4,1.4,1.5,1.4,1.3,1.4,0.6,0.6,0.6,0.5,0.5,0.6,0.7,0.6,0.9,0.6,0.7,1.0,0.8,0.5,1.5,1.5,3.2,3.5,4.7,2.0,2.3,3.7,4.8,11.9,9.9,5.3,4.3,5.9,2.5,3.4,6.7,7.1,6.6,7.3,6.8,7.1,5.7,6.9,6.4,3.9,4.3,4.1,4.7,6.1,3.8,6.6,6.2,4.4,3.4,3.0,3.6,3.0,4.4,5.1,4.9,3.0,3.8,7.5,9.1,12.9,15.5,15.1,13.5,5.7,7.2,6.0,8.1,5.5,7.7,10.7,8.0,7.9,6.9,6.6,5.5,13.6,9.5,11.5,11.2,13.9,11.1,7.9,9.7,9.7,9.7,8.5,8.3,8.1,9.6,6.4,10.7,11.4,10.3,12.7,10.6,4.8,12.7,17.5,19.7,17.3,9.9,12.9,10.7,8.4,8.2,7.4,8.4,10.4,10.8,5.4,5.8,8.0,11.5,12.6,12.3,9.6,13.1,11.9,14.3,11.5,7.7,8.3,3.7,5.0,7.8,6.1,10.6,13.0,16.3,11.9,11.7,11.4,18.7,15.9,7.8,9.7,11.3,12.9,9.5,5.5,10.2,10.8,11.4,17.3,11.3,10.0,11.4,9.4,8.1,10.0,10.2,12.2,14.6,12.1,10.9,9.8,7.8,5.0,6.5,5.4,7.3,10.0,5.9,4.7,5.3,6.5,9.9,7.6,6.8,8.6,11.5,8.5
11370,Queens,6.0,5.6,6.1,4.6,3.5,4.0,3.8,3.5,3.8,3.7,3.5,4.0,3.3,3.1,3.8,4.6,7.5,8.9,6.3,6.2,5.0,4.8,5.1,5.7,7.1,6.3,5.8,7.6,9.4,10.0,9.1,8.3,8.1,8.5,10.0,10.2,13.4,11.3,15.3,17.8,17.5,17.3,19.1,16.0,17.0,23.4,27.0,29.0,33.2,38.7,47.6,56.2,63.7,57.6,44.7,44.4,42.9,48.0,59.3,63.9,58.2,64.3,68.7,67.8,71.7,71.8,63.4,58.5,58.8,61.8,59.6,53.3,53.1,58.0,65.3,66.0,67.0,66.1,63.7,65.7,70.7,76.3,74.3,73.3,93.2,107.3,124.7,125.4,138.1,145.0,134.3,76.1,85.2,90.2,84.2,76.5,86.2,94.8,102.5,99.2,109.7,110.4,99.5,95.0,88.9,100.5,96.5,84.1,87.1,83.3,93.5,95.9,98.1,89.6,96.1,86.1,74.6,76.4,67.4,64.7,67.0,65.9,60.3,42.4,69.6,102.3,128.1,139.9,149.1,164.9,149.2,146.5,158.9,140.4,161.1,141.6,134.1,121.5,105.7,96.5,95.2,90.1,83.9,68.5,68.9,64.4,66.7,59.1,52.3,54.2,49.8,61.4,59.5,63.2,62.6,55.8,64.5,62.0,70.1,56.8,61.8,63.8,70.0,67.1,69.7,72.8,74.8,59.5,64.0,64.4,69.3,70.5,70.3,74.1,77.9,66.8,72.6,79.2,71.7,64.6,71.5,69.1,69.8,69.0,65.6,63.4,60.0,62.7,68.5,72.6,61.4,54.5,57.7,55.9,59.1,54.2,58.1,62.4,68.7,61.7
11372,Queens,9.7,8.2,8.9,7.4,5.7,9.7,8.9,8.0,8.8,8.8,7.2,11.2,8.1,8.1,11.3,12.9,18.6,22.7,15.4,16.1,9.6,8.1,14.5,15.2,17.6,13.6,10.5,14.4,15.3,16.1,17.2,14.6,14.6,16.8,19.1,17.5,25.9,15.6,18.9,26.8,21.9,13.0,16.3,17.0,14.6,23.6,31.7,31.6,38.1,52.4,60.5,61.3,54.3,48.8,45.4,42.1,43.7,70.0,87.5,98.6,108.4,103.0,113.5,122.5,84.3,70.5,81.0,83.2,94.3,89.8,81.1,72.7,80.6,86.6,98.2,73.6,71.4,59.5,52.2,60.0,72.8,91.0,88.0,83.9,105.9,133.5,154.6,162.6,184.7,174.2,155.0,84.4,102.8,118.0,102.2,103.5,116.1,126.7,125.1,122.3,119.1,110.0,104.7,109.8,118.1,123.2,138.8,117.5,112.2,97.1,121.4,121.5,122.3,114.4,108.8,103.8,94.2,104.0,100.4,119.2,113.3,107.4,98.9,59.4,83.8,117.9,131.2,138.0,153.2,138.7,127.8,135.4,153.2,132.1,158.8,141.1,128.2,126.9,113.3,100.3,125.1,106.7,98.3,71.6,93.8,85.6,103.3,100.2,91.0,83.9,79.3,114.1,93.4,95.6,98.6,92.4,110.0,109.1,129.9,97.5,103.9,99.9,119.5,122.8,116.9,112.1,115.7,79.1,88.7,81.3,71.2,66.6,68.7,81.5,97.5,89.9,102.0,105.4,88.4,70.8,87.8,90.9,83.0,77.5,70.1,66.7,58.0,76.4,81.5,82.7,66.0,59.7,75.5,83.1,81.0,64.7,90.1,91.1,99.0,88.8
11373,Queens,12.4,13.9,11.4,13.1,11.0,12.9,9.8,8.8,8.9,10.3,8.5,9.8,12.8,9.9,7.4,9.0,11.7,13.3,10.9,13.1,8.3,6.6,8.7,8.3,7.4,7.8,7.0,8.5,5.3,3.1,10.3,14.0,12.4,63.0,50.4,42.8,34.4,35.4,44.4,37.6,31.1,24.0,25.1,23.2,15.2,31.2,38.0,31.8,36.9,37.1,35.0,40.7,61.4,53.7,57.7,48.8,53.9,59.3,57.9,54.1,47.0,36.1,53.3,57.5,50.9,57.5,71.2,84.0,89.5,84.0,76.5,65.6,67.4,77.5,75.9,84.3,88.1,90.1,83.7,82.0,87.4,80.9,92.5,78.2,103.6,151.2,169.1,157.3,155.8,194.8,185.1,96.2,102.4,106.6,115.2,106.6,129.2,139.0,162.2,126.0,126.2,147.2,115.7,126.5,109.1,143.5,130.2,126.8,155.6,120.6,131.9,117.0,133.6,117.9,118.6,126.6,127.1,128.3,101.2,92.1,128.3,109.7,70.9,41.4,65.5,108.3,145.9,168.7,185.4,172.1,181.4,150.7,174.9,160.5,179.5,159.9,149.6,148.9,150.0,156.8,183.5,167.2,154.5,119.3,104.3,92.5,111.4,97.1,95.6,83.8,106.1,126.5,124.7,108.5,114.7,105.0,126.9,115.6,125.4,130.6,97.9,83.6,98.2,96.4,81.6,93.1,88.9,88.3,110.2,88.1,68.1,70.7,74.0,105.2,90.1,104.3,94.1,103.1,119.6,93.6,94.8,104.0,101.5,87.3,115.0,99.4,103.3,117.1,137.0,134.3,114.4,108.6,130.5,122.6,114.2,99.7,102.2,105.7,93.5,109.4
11374,Queens,37.0,41.0,35.8,44.5,26.6,24.9,24.0,23.6,25.8,31.9,34.2,36.5,37.0,38.1,38.5,35.4,46.2,51.8,47.1,38.1,34.1,41.5,30.1,51.0,49.3,41.8,37.4,44.2,38.1,33.1,39.9,36.9,41.9,34.7,34.1,33.9,38.7,41.3,43.2,43.0,47.0,40.1,40.8,42.1,37.7,58.6,70.4,63.0,61.7,61.7,62.5,111.5,165.4,96.0,147.1,140.2,119.2,165.5,145.9,134.1,128.2,138.3,186.3,210.5,223.2,160.0,142.4,148.0,165.6,177.9,189.7,164.2,162.3,165.1,166.6,163.6,169.6,204.0,195.6,176.6,182.7,186.1,203.0,162.5,204.9,235.0,266.6,261.8,283.5,297.0,305.2,212.8,209.6,242.6,194.9,187.3,188.2,170.2,211.9,233.1,227.8,251.1,259.1,210.4,217.3,260.5,256.2,245.1,254.0,245.6,266.6,267.9,275.1,272.6,264.3,253.2,247.7,241.6,206.6,193.3,206.7,200.3,156.0,112.4,149.2,177.9,201.6,275.6,292.4,282.0,281.4,240.4,316.4,304.4,374.6,346.1,283.5,306.3,298.9,317.5,279.6,264.3,263.2,229.6,185.2,186.2,246.2,218.7,187.6,167.6,208.1,225.2,201.3,209.4,195.0,155.4,164.4,172.7,193.8,140.5,166.0,175.0,160.0,164.2,148.2,181.9,163.6,130.4,166.0,162.4,158.2,158.0,136.1,150.6,164.5,182.3,186.4,201.8,190.9,132.8,141.7,150.1,184.4,162.5,164.8,169.8,188.8,162.4,189.9,185.2,165.8,160.8,173.7,172.3,180.7,180.6,168.7,159.7,166.5,189.7
11375,Queens,71.8,60.4,69.1,72.6,51.4,46.1,46.1,43.5,52.2,55.7,65.3,61.9,59.2,60.1,75.1,85.6,97.0,84.7,90.0,91.7,77.0,103.2,87.5,84.7,73.4,66.4,99.6,96.1,84.7,69.0,90.9,83.0,85.6,86.5,82.1,80.4,88.2,94.3,95.2,94.3,90.0,73.4,70.8,74.2,75.1,104.8,124.0,104.8,113.6,105.7,118.8,185.5,233.3,177.5,205.4,160.0,154.7,205.3,195.7,173.0,176.5,208.9,232.4,226.4,231.6,227.3,232.5,240.3,253.6,256.1,248.3,205.5,172.3,166.1,188.1,181.9,204.6,234.4,232.6,223.0,231.7,250.1,233.5,230.9,267.6,302.5,372.4,377.7,410.9,440.6,473.7,273.7,284.1,276.3,232.6,226.5,251.0,224.9,264.9,284.1,298.9,332.9,334.6,310.2,272.6,294.5,334.7,303.2,281.4,283.1,299.7,305.9,354.9,338.2,350.4,326.8,276.2,324.3,270.1,238.6,252.7,216.9,200.3,112.0,186.3,267.5,360.1,368.9,376.6,365.4,350.5,334.8,398.6,362.7,385.4,354.1,354.0,403.8,406.4,424.7,395.9,378.2,333.8,286.6,259.6,269.3,306.9,271.8,244.7,251.7,274.3,273.5,249.9,264.8,209.7,190.6,174.9,158.2,186.1,173.9,196.6,211.4,208.0,235.1,216.7,249.0,205.3,179.1,201.9,205.3,194.0,174.8,180.9,177.4,196.6,217.6,175.6,207.1,194.8,179.1,198.3,199.2,255.1,197.4,233.3,228.0,190.5,186.1,191.4,199.2,193.2,161.7,175.7,170.5,197.6,187.0,199.2,197.5,184.4,221.1
11377,Queens,28.7,31.7,31.4,33.0,22.8,25.0,21.8,16.4,14.8,14.5,13.5,17.8,18.4,15.7,21.5,23.8,30.4,30.2,27.5,30.3,16.5,17.7,16.1,18.0,22.8,22.3,19.9,23.4,26.6,27.9,26.6,24.5,24.9,26.2,24.9,29.1,36.7,36.7,49.1,52.1,49.9,46.3,51.5,45.7,50.5,65.7,84.2,85.1,111.7,123.6,140.6,150.0,156.5,147.9,129.1,134.9,140.6,138.3,150.0,156.8,155.4,185.0,183.4,172.2,199.3,211.1,192.0,177.8,177.6,210.4,197.3,165.9,150.6,167.9,188.1,197.5,201.1,206.4,209.2,209.3,217.2,222.2,239.2,233.3,316.5,336.3,388.5,385.0,406.1,428.5,408.0,259.7,276.8,296.6,263.1,236.1,296.2,305.9,331.5,333.8,347.0,346.6,329.0,312.8,274.4,322.6,296.0,275.3,267.1,257.6,298.1,306.7,306.1,298.9,294.4,261.9,250.8,268.6,215.4,179.9,196.0,181.6,159.2,109.5,195.5,293.6,392.2,437.4,458.4,482.5,440.4,426.1,457.3,426.1,485.7,450.9,424.8,386.7,359.8,304.3,277.7,273.1,244.6,209.8,199.8,183.4,202.8,167.0,146.6,136.1,136.6,163.6,173.0,176.9,172.5,151.1,189.8,201.2,205.9,177.9,190.4,198.2,218.4,237.8,218.0,234.4,229.4,193.8,233.8,210.6,218.6,219.1,227.6,222.4,244.4,236.0,235.8,265.3,250.9,209.9,241.5,223.8,224.6,243.4,232.3,219.7,193.2,212.9,236.3,242.9,226.8,217.8,217.7,197.5,227.2,188.5,171.2,193.3,214.3,202.9
11378,Queens,8.5,11.0,11.2,10.9,9.6,8.2,7.9,7.1,7.5,8.5,7.4,6.7,6.9,5.8,11.1,10.1,11.0,6.5,7.1,7.5,3.1,4.2,6.2,6.9,7.4,6.9,6.1,8.6,5.9,6.5,7.9,6.9,6.7,7.5,9.7,7.1,12.6,16.9,15.4,14.8,13.3,8.6,10.4,8.7,7.1,10.8,15.1,12.2,18.6,25.3,26.6,22.2,19.7,22.8,27.8,32.5,33.4,30.3,24.6,28.8,48.1,55.6,72.4,61.1,51.9,57.7,57.8,41.9,43.0,62.9,70.6,70.2,64.0,50.8,50.2,63.4,60.9,51.5,52.3,64.5,70.2,73.0,73.0,71.1,82.2,97.2,100.2,90.7,116.9,126.4,121.8,88.4,77.2,78.9,75.0,67.7,90.9,86.9,81.0,84.4,84.8,82.4,81.1,94.3,80.5,114.0,105.3,94.5,99.8,97.6,92.4,83.7,84.7,98.5,93.4,102.7,90.8,92.1,70.8,53.9,55.6,56.4,45.1,40.3,55.9,79.0,103.6,141.6,124.1,109.5,92.0,97.0,118.9,112.3,118.6,112.9,105.3,101.5,99.5,93.0,88.8,80.5,64.8,50.0,65.2,66.2,73.6,65.8,57.3,64.2,63.8,85.1,65.7,81.6,83.3,55.4,72.4,74.1,88.2,75.6,56.1,64.5,70.7,63.8,60.8,69.7,68.2,45.4,59.1,47.6,50.1,43.1,53.9,51.3,57.7,57.6,68.1,65.4,64.5,54.7,80.3,66.4,62.8,68.1,70.2,51.8,53.2,58.1,59.9,68.6,74.0,59.5,69.9,66.1,73.1,61.1,57.2,74.8,87.1,86.5
11379,Queens,1.1,2.0,2.0,1.2,0.3,0.0,0.1,0.2,0.3,0.5,0.4,0.4,0.3,0.3,1.5,1.3,0.4,0.1,0.1,0.2,1.2,0.6,0.8,0.6,0.4,2.5,3.3,2.8,1.6,2.3,2.3,2.1,0.6,1.5,1.7,2.4,2.5,1.6,1.2,1.1,1.1,1.7,1.9,2.0,2.8,4.6,3.8,3.5,5.9,8.1,6.3,4.5,7.8,12.5,12.9,6.8,7.0,13.5,17.8,12.0,14.9,12.4,21.7,26.8,25.3,27.8,25.5,22.0,22.7,27.7,29.7,28.1,27.4,25.4,29.4,24.8,26.3,25.5,27.7,30.3,29.9,37.2,35.1,29.8,36.3,39.2,45.9,45.7,54.6,59.9,55.7,35.8,32.4,32.3,34.6,30.0,31.7,36.5,36.4,36.2,39.7,42.7,43.3,49.5,48.5,43.0,52.1,46.7,51.1,46.7,43.1,43.1,45.4,47.1,43.9,48.7,43.9,37.5,34.4,25.7,30.1,31.3,25.8,15.5,23.2,33.2,45.3,48.2,46.3,49.4,57.9,53.1,50.2,47.8,56.4,53.4,57.7,59.6,55.2,57.1,38.3,58.8,65.5,45.7,43.7,40.7,47.4,37.1,40.9,45.1,36.8,49.7,39.6,35.0,34.0,35.1,38.0,43.9,39.1,40.3,45.7,34.4,40.9,47.5,35.4,46.5,44.2,44.7,46.2,50.3,39.7,24.6,36.1,39.5,43.6,46.4,40.2,37.9,37.1,25.9,34.7,30.5,36.7,42.6,44.7,30.9,37.4,41.5,40.1,35.6,36.5,30.5,20.9,23.6,35.1,28.6,36.4,45.3,50.4,42.6
11385,Queens,4.8,4.9,3.9,5.8,2.9,0.0,1.9,1.9,3.9,7.8,7.8,8.8,7.8,8.7,6.8,5.8,6.8,5.8,7.8,10.7,6.8,15.4,17.4,12.6,7.8,55.6,55.7,60.4,18.3,34.7,31.8,26.0,15.5,40.5,40.6,37.6,36.8,27.1,21.3,20.2,21.2,18.3,25.1,25.0,28.0,67.2,62.4,54.7,43.4,53.3,48.3,56.8,74.1,73.3,84.8,79.8,67.4,94.4,94.5,100.1,100.5,97.8,122.2,140.2,187.9,209.1,192.0,196.4,228.0,275.0,257.1,221.7,241.8,259.8,296.2,270.5,325.9,355.2,366.7,384.0,350.9,388.9,372.5,361.6,407.7,398.5,517.5,502.1,565.9,589.1,589.9,380.0,398.8,384.5,432.3,370.7,421.8,441.4,499.6,491.0,537.9,539.8,518.0,543.0,472.5,528.1,524.0,410.8,439.6,419.2,478.4,463.5,471.4,468.5,423.7,387.1,317.0,274.9,246.4,224.8,287.3,250.7,230.0,150.2,284.5,405.6,565.8,642.0,569.8,557.4,543.4,468.8,488.0,450.2,528.2,580.7,655.4,678.4,674.2,571.2,363.2,413.5,375.5,299.9,315.5,275.1,316.5,246.4,274.4,296.6,309.7,396.6,369.4,309.0,282.1,216.5,263.8,224.0,251.9,246.0,295.4,312.5,331.8,324.2,299.0,326.3,358.7,273.3,248.6,268.9,218.6,213.9,307.9,332.0,401.1,401.1,394.7,344.6,312.1,264.7,299.2,264.5,259.2,263.0,281.2,316.8,343.1,324.9,354.6,342.1,327.6,300.2,239.1,187.6,246.8,253.0,310.4,390.5,326.9,287.4
11411,Queens,0.0,0.0,0.0,0.0,0.0,0.0,0.0,0.0,0.0,0.0,0.0,0.0,0.0,0.0,0.0,0.0,0.0,0.0,0.0,0.0,0.0,0.0,0.0,0.0,0.0,0.0,0.0,0.0,0.0,0.0,0.0,0.0,0.0,0.0,0.0,0.0,0.1,0.0,0.0,0.0,0.0,0.0,0.0,0.0,0.0,0.0,0.0,0.0,0.0,0.0,0.0,0.1,0.1,0.1,0.0,0.1,0.1,0.2,0.1,0.2,0.1,0.1,0.0,2.0,0.0,0.0,0.1,0.1,0.1,0.1,0.1,0.3,1.1,2.0,0.1,0.1,2.1,2.0,1.1,1.1,1.1,1.1,1.1,1.1,1.1,0.1,2.0,2.0,1.1,1.1,2.1,1.0,0.1,1.0,1.1,1.0,1.0,1.1,1.1,0.1,0.1,0.1,0.1,0.1,0.1,0.1,1.1,0.2,1.1,1.1,1.0,1.1,1.1,0.2,0.1,0.1,0.1,0.1,0.1,1.1,0.2,1.1,0.1,0.1,1.1,1.1,1.1,0.1,0.1,0.1,0.1,0.1,0.1,0.1,1.1,1.1,1.1,0.1,2.0,1.1,0.1,1.1,2.1,1.1,0.1,1.2,1.2,0.1,0.1,1.0,0.1,1.1,2.1,3.0,2.1,2.1,3.1,3.1,3.1,0.3,2.2,0.3,0.2,0.3,0.2,1.1,0.1,0.2,4.0,2.1,0.2,0.1,0.1,2.0,1.2,0.2,0.1,0.1,2.1,2.1,2.2,4.0,5.0,1.2,1.2,0.2,0.2,1.1,1.1,1.1,1.1,2.0,2.1,1.1,1.2,0.2,1.1,3.1,0.2,0.3
11412,Queens,0.0,0.0,0.0,0.0,0.0,0.0,0.0,0.0,0.0,0.0,0.0,0.0,0.1,0.1,0.0,0.0,1.4,1.4,1.4,1.4,0.0,0.0,0.0,0.7,0.8,0.8,0.8,0.8,0.8,0.8,0.8,1.4,2.1,2.1,2.1,2.1,3.5,2.8,1.4,0.8,0.8,0.1,0.1,3.1,3.1,3.3,1.2,0.3,0.3,0.7,0.8,1.2,3.3,2.8,1.7,1.7,2.2,2.9,1.7,1.8,2.8,2.1,1.0,2.6,2.3,0.7,1.7,3.5,4.7,2.1,3.8,9.3,6.6,5.6,6.3,3.3,3.9,2.6,2.8,3.4,2.0,4.5,4.1,2.2,2.0,3.5,4.7,5.3,7.0,5.2,6.6,3.5,3.3,4.3,5.3,3.5,1.1,3.5,2.9,1.8,2.7,3.6,3.2,4.1,3.4,4.6,4.6,4.1,3.3,4.4,3.3,9.9,4.6,9.3,5.8,3.8,4.1,4.4,3.6,6.7,7.2,4.9,2.7,3.6,3.9,2.8,4.0,1.7,3.3,3.5,4.0,3.3,2.1,2.6,5.1,4.0,5.5,2.2,4.8,7.0,5.4,6.9,9.8,3.9,3.4,6.7,6.6,3.1,4.1,2.9,5.8,8.2,9.5,5.4,6.7,8.9,8.7,6.0,5.8,9.8,9.2,7.9,6.0,8.5,9.6,7.7,6.5,7.8,5.2,11.6,8.9,5.6,4.6,6.7,12.5,13.4,7.3,8.5,7.9,9.2,8.8,7.9,10.6,8.0,12.8,8.0,6.3,6.2,4.6,5.2,5.2,8.3,8.1,6.6,9.1,6.7,5.3,10.4,10.7,10.0
11413,Queens,1.5,0.7,0.7,0.0,0.0,0.0,0.0,0.0,0.0,0.0,0.0,0.6,0.6,1.2,1.2,1.2,1.4,1.4,0.8,1.4,1.2,1.8,2.4,2.5,2.5,1.9,0.1,0.1,0.1,1.4,1.4,0.8,0.3,0.3,0.3,0.3,0.4,0.3,0.8,0.7,0.1,0.0,0.0,1.2,0.3,0.3,1.3,1.2,0.6,0.7,0.7,0.1,0.3,0.9,0.8,1.0,1.1,1.2,1.7,0.2,0.9,0.1,0.1,0.3,0.2,0.7,0.8,1.2,3.0,1.8,1.3,1.1,2.1,2.3,2.3,1.9,0.3,0.9,3.7,2.5,3.1,3.9,3.2,2.8,2.1,0.9,1.0,4.9,6.5,7.8,6.1,3.2,2.2,2.2,3.8,4.2,7.6,5.3,5.0,3.5,2.9,4.5,6.2,8.6,6.2,8.3,8.2,5.2,3.8,7.0,4.2,3.3,3.4,7.4,5.5,4.2,3.0,4.4,3.8,4.7,12.7,14.7,6.5,4.5,3.7,6.6,4.3,2.0,3.6,2.2,3.4,5.4,4.1,8.0,5.2,4.9,5.7,5.8,3.0,8.1,7.1,6.1,6.6,7.5,3.8,1.4,2.0,4.2,1.7,4.9,6.5,3.5,5.4,8.9,12.4,6.7,9.7,9.5,9.5,7.8,6.1,3.9,4.4,5.9,7.7,10.9,5.4,8.8,7.2,8.4,9.2,7.6,7.9,7.8,6.7,6.5,5.1,7.6,5.5,5.4,8.4,5.1,4.2,5.7,11.5,9.3,6.2,8.0,7.5,2.9,4.3,5.4,6.2,6.2,6.5,8.6,12.8,13.8,8.3,7.9
11414,Queens,3.0,2.0,2.0,3.0,3.0,2.0,0.0,0.0,0.0,0.0,0.0,0.0,0.0,0.0,0.0,0.0,0.0,0.0,0.0,0.0,1.0,1.0,1.0,3.0,1.0,0.0,2.0,0.0,0.0,0.0,0.0,0.0,0.0,1.0,1.0,2.0,1.0,3.0,0.0,0.0,0.0,0.0,1.0,1.0,4.0,3.0,2.0,2.0,3.0,1.0,2.0,2.0,2.0,1.0,2.0,0.0,0.0,3.0,3.0,2.0,1.0,1.0,1.0,2.0,2.0,0.0,1.0,1.0,2.0,15.0,11.0,3.0,6.0,1.0,1.0,3.0,3.0,2.0,5.0,3.0,5.0,7.0,6.0,4.0,7.0,4.0,4.0,6.0,8.0,10.0,12.0,6.0,8.0,11.0,6.0,4.0,5.0,4.0,11.0,7.0,6.0,3.0,10.0,10.0,11.0,8.0,12.0,13.0,7.0,3.0,4.0,6.0,5.0,6.0,6.0,5.0,3.0,5.0,6.0,5.0,4.0,6.0,5.0,5.0,5.0,3.0,2.0,4.0,9.0,6.0,5.0,6.0,5.0,2.0,3.0,3.0,3.0,6.0,5.0,3.0,3.0,11.0,8.0,8.0,9.0,6.0,17.0,14.0,15.0,7.0,13.0,20.0,14.0,10.0,16.0,10.0,4.0,6.0,10.0,8.0,9.0,5.0,9.0,9.0,8.0,10.0,9.0,1.0,3.0,7.0,3.0,6.0,5.0,3.0,4.0,7.0,5.0,9.0,5.0,7.0,8.0,4.0,8.0,11.0,10.0,4.0,5.0,5.0,4.0,3.0,1.0,2.0,2.0,1.0,2.0,9.0,10.0,9.0,6.0,5.0
11415,Queens,11.1,17.1,14.6,14.5,10.3,12.0,12.0,9.4,7.7,9.4,7.7,5.2,7.7,12.9,11.2,9.5,12.1,8.6,8.7,12.0,14.6,18.8,17.1,5.2,9.4,12.0,12.8,25.6,25.6,27.3,27.4,29.1,29.9,33.3,31.6,21.4,18.0,19.7,20.6,20.5,18.9,20.6,24.0,22.3,28.2,40.2,46.3,44.5,42.0,44.5,53.1,44.6,49.7,70.1,88.9,56.5,50.5,48.8,63.3,63.4,57.5,61.8,77.2,77.1,78.8,75.6,77.3,74.6,86.5,101.9,106.1,103.5,87.3,72.8,72.9,74.5,80.5,67.8,89.1,98.5,84.1,76.5,77.4,73.1,74.9,96.3,133.8,125.1,167.8,197.0,178.3,73.8,72.2,87.3,83.9,76.3,86.6,83.1,87.4,106.2,122.4,130.9,131.8,131.0,133.5,154.8,117.3,96.8,111.4,100.2,110.4,127.5,118.3,81.6,97.0,115.1,97.7,111.4,120.0,104.6,103.1,101.2,88.2,58.2,64.3,83.3,131.9,155.9,133.7,145.7,136.3,119.3,145.2,117.9,116.1,158.5,150.9,139.1,139.9,150.1,136.4,143.4,110.8,126.0,128.6,145.1,134.0,119.3,94.0,86.1,90.3,132.1,123.6,81.9,86.9,102.9,116.0,103.1,83.5,71.5,82.6,92.7,106.4,107.4,72.4,66.4,105.5,108.8,118.3,99.5,102.0,103.6,109.6,92.6,83.2,94.3,93.4,125.8,113.9,125.7,128.3,97.7,153.9,124.2,96.1,82.4,90.9,97.7,84.1,79.0,81.4,78.9,110.4,105.3,96.8,60.1,61.0,61.1,73.2,70.7
11416,Queens,0.0,0.0,0.0,0.0,0.0,0.0,0.0,0.0,0.0,0.0,0.0,0.5,0.5,1.0,1.0,0.6,0.6,1.1,1.1,1.0,0.5,0.5,0.5,0.0,0.0,0.0,0.0,0.0,0.0,0.0,0.1,0.1,0.1,0.1,0.1,0.1,0.0,0.0,0.0,0.0,0.0,0.1,0.1,0.1,0.1,0.6,0.7,0.7,0.6,0.1,0.6,0.2,0.2,0.3,0.2,0.2,1.0,1.6,2.7,2.1,2.1,0.7,0.8,0.2,0.2,0.1,0.6,0.5,0.6,0.6,1.7,2.3,1.3,1.1,0.6,0.7,0.6,0.1,0.6,0.1,0.7,1.2,2.1,1.6,1.7,1.3,1.2,2.1,1.7,4.4,3.8,1.2,0.7,0.7,2.7,3.2,2.2,2.7,2.2,2.8,5.7,8.2,7.2,5.7,7.7,5.7,3.7,2.2,2.2,6.3,4.3,2.3,2.3,0.3,0.8,0.3,0.1,1.2,6.7,2.3,2.8,1.4,1.2,2.1,4.7,1.7,2.2,2.7,1.1,3.7,2.8,2.2,3.9,3.8,2.3,2.3,1.2,1.3,1.2,1.2,2.7,1.4,1.8,0.7,0.8,1.0,4.4,1.9,2.9,2.3,1.9,1.3,2.3,2.3,2.8,1.9,0.8,2.9,2.8,1.7,3.2,1.2,0.2,2.7,2.3,0.9,1.9,2.9,4.4,4.7,3.8,4.7,4.2,4.7,5.3,4.7,4.2,3.2,3.6,3.6,2.8,4.7,4.3,6.8,5.2,2.7,4.1,2.1,2.8,1.7,1.6,1.6,1.2,1.2,2.2,2.7,1.2,7.7,5.3,2.2
11417,Queens,0.0,0.0,0.0,0.0,0.1,0.1,0.1,0.0,0.0,0.0,0.0,0.5,0.5,1.0,1.0,0.5,0.5,1.0,1.0,1.0,0.5,0.5,0.5,0.0,0.1,0.1,0.1,0.0,0.0,0.0,0.1,0.1,0.0,0.0,0.0,0.0,0.0,0.0,0.0,0.0,0.0,0.0,0.1,0.1,0.1,0.6,0.7,0.7,0.6,0.3,0.7,0.2,0.1,0.1,0.1,0.1,1.1,1.5,2.5,2.2,2.3,0.8,0.7,0.1,0.1,0.1,0.6,0.6,0.6,0.6,1.5,2.0,1.3,1.3,0.6,0.6,0.5,0.0,0.5,0.0,0.5,1.0,2.0,1.5,1.5,1.2,1.2,2.1,1.8,4.4,3.7,1.1,0.6,0.7,2.6,3.1,2.1,2.6,2.3,2.7,5.7,8.3,7.2,5.7,7.5,5.5,3.6,2.2,2.1,6.0,4.1,2.1,2.2,0.2,0.8,0.1,0.1,1.3,6.8,2.1,2.6,1.2,1.1,2.1,4.6,1.6,2.1,2.9,1.4,4.1,2.9,2.7,3.9,3.6,2.1,2.1,1.1,1.1,1.2,1.2,2.6,1.3,1.8,0.9,1.0,0.6,4.2,1.7,2.7,2.4,1.9,1.6,2.3,2.2,2.7,1.8,0.6,2.9,3.0,1.9,3.2,1.3,0.4,2.7,2.5,1.3,2.1,2.8,4.4,4.7,3.6,4.7,4.2,4.6,5.1,4.8,4.6,3.4,3.6,3.7,2.7,4.6,4.1,6.5,5.0,2.6,4.1,2.1,2.6,1.6,1.6,1.6,1.1,1.1,2.0,2.6,1.2,7.6,5.1,2.1
11418,Queens,1.9,3.0,2.5,2.5,1.8,2.1,2.1,1.6,2.3,2.6,1.3,1.8,2.3,3.2,3.8,7.3,8.7,4.3,5.3,4.0,3.5,5.1,3.9,0.9,2.6,3.0,3.2,5.4,4.5,4.8,6.6,6.9,7.1,6.7,8.3,7.5,6.9,5.3,4.5,3.6,5.2,6.4,7.9,6.7,9.6,11.7,19.3,17.1,12.9,12.4,14.9,12.4,16.1,17.8,22.0,19.2,13.5,10.4,15.7,17.6,21.3,21.1,24.7,20.0,19.3,24.4,23.8,20.5,20.7,26.2,31.6,32.1,26.4,22.0,23.0,20.5,20.6,19.3,20.2,20.9,22.1,19.9,19.1,20.2,27.1,29.9,35.5,27.4,37.6,50.2,44.2,17.5,21.0,20.8,21.2,17.0,20.7,22.0,25.5,29.7,30.7,31.2,31.4,30.3,34.5,39.1,30.7,29.0,31.6,24.9,23.0,28.7,36.5,23.6,28.2,42.6,24.5,29.7,29.3,28.5,31.1,27.9,21.9,12.9,20.6,25.8,30.5,36.5,28.9,32.9,32.2,29.2,42.2,33.7,30.6,40.7,40.3,46.8,44.1,50.6,46.3,51.3,32.5,32.3,30.9,38.4,33.7,37.7,34.3,32.0,36.4,39.9,39.4,33.1,36.8,30.2,38.1,34.0,32.5,22.9,29.5,33.1,27.1,31.0,34.3,34.2,34.5,31.3,37.6,38.0,35.7,30.3,31.4,30.3,25.9,26.9,23.9,29.5,31.2,30.4,31.8,31.2,38.2,33.0,31.9,26.7,31.0,25.6,25.1,26.1,19.9,21.4,31.5,30.7,27.3,19.1,22.1,23.0,34.5,34.1
11419,Queens,0.0,0.0,0.0,0.0,0.3,0.3,0.3,0.0,0.0,1.0,1.0,1.0,1.0,1.0,1.0,2.0,2.0,2.9,2.0,1.0,0.0,0.0,0.0,0.0,1.3,1.3,0.4,0.0,0.0,0.0,1.3,1.3,1.0,1.0,1.0,1.0,0.1,0.0,0.0,1.0,1.0,2.0,2.3,2.3,2.3,2.7,4.0,4.0,3.6,3.3,3.0,4.9,5.6,8.4,4.3,3.3,0.4,1.0,3.0,3.0,2.4,3.3,4.0,3.3,1.4,1.5,1.8,0.8,0.7,2.4,2.1,5.0,8.2,3.3,2.7,3.3,2.0,2.0,3.0,2.0,3.0,3.0,2.1,2.1,4.1,6.0,3.1,1.4,4.4,9.9,6.1,4.6,3.7,4.9,4.3,5.6,4.6,3.7,4.3,6.9,5.0,6.3,5.9,5.6,3.1,3.1,4.4,4.7,4.7,5.0,6.6,6.3,6.1,6.9,6.3,4.9,1.5,4.4,5.3,5.7,6.7,7.9,5.6,3.3,3.7,3.8,4.7,4.7,3.0,6.6,6.9,6.9,9.0,7.7,6.7,5.5,3.5,5.9,3.3,3.5,3.7,6.6,6.5,4.1,8.3,10.4,9.0,8.2,7.3,5.9,8.2,6.9,5.6,6.2,5.3,9.4,5.0,9.7,7.5,5.2,3.3,3.7,5.2,3.3,5.7,10.9,10.9,8.5,10.2,4.1,5.0,4.0,4.3,4.0,5.6,4.6,4.9,4.0,2.1,2.1,6.3,3.8,6.6,5.4,2.5,2.8,1.9,2.8,7.0,2.8,2.7,2.7,4.1,5.1,2.6,3.8,5.1,2.9,4.0,4.3
11420,Queens,0.0,0.0,0.0,0.0,0.6,0.6,0.6,0.0,0.0,0.0,0.0,0.0,0.0,0.0,0.0,0.0,0.0,0.0,0.0,0.0,0.0,0.0,0.0,0.0,0.6,0.6,0.6,0.0,0.0,0.0,0.6,0.6,0.0,0.0,0.0,0.0,0.0,0.0,0.0,0.0,0.0,0.0,0.6,0.6,0.6,1.2,1.8,1.8,1.2,2.4,1.8,1.8,1.2,1.2,0.6,0.6,0.6,0.0,0.0,1.8,2.4,2.4,1.8,0.6,0.6,0.6,1.2,1.2,1.2,0.6,0.0,0.0,2.4,2.4,1.2,0.6,0.0,0.0,0.0,0.0,0.0,0.0,0.0,0.0,0.0,1.8,1.8,0.6,2.4,3.6,1.8,1.2,1.2,1.8,0.6,1.2,1.2,1.2,2.4,1.8,1.8,2.4,1.8,1.2,0.0,0.0,0.6,1.2,1.2,0.0,1.2,0.6,1.8,1.8,2.4,1.2,0.6,2.4,2.4,1.2,1.2,1.8,1.2,0.6,1.2,1.2,1.2,3.0,3.6,4.8,3.6,5.4,3.6,1.2,1.2,0.6,0.6,1.2,1.8,1.8,0.6,2.4,2.4,3.6,4.2,0.6,1.8,1.8,1.8,3.0,3.6,4.8,2.4,1.8,1.8,2.4,1.2,3.0,4.2,3.6,1.8,2.4,3.6,1.8,4.2,6.7,4.8,2.4,3.6,1.2,1.2,1.2,1.8,1.2,0.6,2.4,4.8,3.0,1.2,1.2,1.8,0.6,0.6,0.0,0.0,0.6,0.6,0.6,1.2,0.6,0.6,0.6,1.2,1.2,0.0,0.6,1.2,0.6,0.6,1.2
11421,Queens,0.0,0.0,0.0,0.0,0.0,1.0,1.0,0.0,0.0,0.0,0.0,0.0,1.0,1.0,1.1,2.2,2.2,1.1,2.1,2.1,1.0,2.1,4.0,3.0,3.0,2.0,1.0,1.0,1.0,2.0,3.0,4.0,5.0,5.0,5.1,3.1,3.1,3.0,2.0,1.0,1.1,3.1,3.1,2.1,3.1,3.1,4.3,1.3,1.2,4.1,8.2,7.1,7.2,5.2,9.2,7.3,5.1,14.0,29.1,13.2,12.3,22.3,38.2,35.1,46.0,11.3,9.3,7.2,13.1,15.2,14.4,13.4,11.3,6.3,6.3,6.2,5.2,5.2,6.1,11.1,8.2,8.2,9.1,9.2,12.4,19.4,24.3,19.1,19.2,23.4,23.3,17.1,13.2,12.1,9.2,10.1,16.1,11.2,16.3,18.3,20.2,12.2,15.2,13.2,13.3,15.3,14.3,15.3,15.3,20.2,16.1,16.2,12.5,20.2,18.3,26.6,18.2,23.3,20.2,27.2,28.3,19.3,9.2,6.1,11.3,18.3,21.2,20.2,21.1,18.2,14.2,12.2,11.5,11.4,9.3,12.4,13.4,21.6,13.6,17.7,17.7,30.7,29.3,25.2,32.2,22.3,28.2,21.5,24.5,23.5,19.6,23.5,19.5,20.5,41.6,34.3,31.5,32.4,29.5,28.2,34.4,36.4,32.2,37.3,26.6,20.6,20.4,20.3,21.5,19.6,19.5,20.3,17.3,22.4,31.3,32.2,26.2,24.2,21.3,19.2,20.2,17.4,9.3,12.3,13.4,15.3,20.4,12.2,14.3,13.3,12.1,9.2,15.3,17.3,17.3,11.2,12.3,19.3,22.6,15.6
11422,Queens,0.1,0.1,0.1,0.0,0.0,0.0,0.0,0.0,0.0,0.0,0.0,0.0,0.0,0.1,0.1,0.1,0.1,0.1,0.0,0.1,0.1,0.1,0.2,0.2,0.2,0.1,1.0,1.0,1.0,0.1,0.1,1.0,1.0,0.0,0.0,0.0,0.0,0.0,0.0,0.0,0.0,0.0,0.0,0.2,0.0,0.0,1.1,2.1,3.0,2.0,2.0,2.0,0.0,1.0,1.0,1.2,0.2,2.2,1.2,3.0,0.0,0.0,0.0,0.0,0.0,1.1,1.1,2.2,2.5,2.4,3.2,4.0,3.1,3.4,2.4,4.4,2.0,0.0,1.4,2.3,6.4,3.4,2.3,2.2,3.2,4.0,4.0,2.6,5.8,9.2,8.0,1.5,1.1,1.1,1.3,1.7,3.1,0.7,3.0,1.4,0.3,3.5,3.6,5.2,3.9,5.2,2.1,2.6,1.4,2.0,2.8,3.3,3.5,3.0,1.7,3.4,2.3,2.5,0.6,1.5,3.1,2.4,1.0,1.6,1.4,2.0,1.5,0.3,0.4,4.2,3.3,1.5,1.5,1.2,2.7,2.5,2.5,2.5,1.2,2.0,0.7,4.6,2.8,3.1,4.6,1.2,0.1,0.4,0.1,0.6,4.0,4.3,6.7,5.6,5.9,1.9,4.0,4.9,2.0,3.8,5.5,3.3,4.6,4.8,2.0,3.5,0.7,1.1,1.8,2.6,4.8,4.7,3.7,2.7,3.6,3.5,2.4,4.7,7.6,5.6,5.3,1.6,2.5,3.9,4.4,3.7,0.8,1.3,1.2,2.5,4.4,1.5,0.6,0.7,1.9,2.5,3.7,3.0,1.4,2.4
11423,Queens,0.4,0.4,0.2,0.1,0.0,0.0,0.0,0.0,0.5,0.5,0.2,0.5,2.0,2.2,1.3,1.6,1.3,0.8,1.0,1.9,2.0,2.4,1.8,1.2,1.8,1.7,1.4,1.5,1.8,2.3,2.1,0.6,0.3,0.8,0.8,0.5,1.1,1.6,1.6,2.1,2.9,2.1,1.9,3.4,2.9,3.5,5.0,3.8,4.4,3.9,4.4,4.0,5.2,3.5,5.6,5.6,5.1,4.8,8.7,6.7,7.1,7.2,4.2,4.8,7.9,9.2,9.8,6.9,7.4,10.4,9.8,8.1,8.8,7.4,11.6,12.1,12.9,9.4,7.5,11.9,13.3,14.3,16.6,14.2,12.4,14.7,15.8,11.2,14.3,17.9,16.3,6.3,5.8,8.6,9.1,9.4,10.5,13.7,11.1,8.4,10.7,13.4,15.7,15.4,11.3,14.3,15.2,8.9,10.9,10.5,10.2,9.9,13.3,16.3,11.3,11.4,12.7,14.3,16.0,14.0,15.8,15.2,13.7,5.9,15.1,15.9,17.3,17.2,14.3,15.1,19.5,12.9,16.5,12.8,18.4,17.8,17.8,19.4,22.2,25.1,21.7,19.6,21.9,18.1,21.0,20.3,24.2,22.8,20.5,20.8,20.6,25.0,23.2,20.6,23.4,30.4,38.8,24.4,29.0,27.7,22.5,23.4,25.4,29.2,27.9,32.2,33.6,26.1,25.7,34.4,34.6,27.5,34.8,38.9,35.9,33.5,37.0,31.4,32.9,30.0,29.7,36.5,36.9,34.3,33.2,29.5,33.3,34.4,38.3,38.5,27.8,29.5,26.6,28.3,34.6,32.5,32.6,42.3,43.8,31.6
11426,Queens,0.7,0.7,0.7,0.7,0.6,0.6,0.6,0.6,0.6,0.0,0.0,0.1,0.1,0.1,0.1,0.1,0.1,0.3,0.4,0.2,0.1,0.3,0.4,0.4,0.2,0.2,0.1,0.1,0.2,0.5,0.6,0.3,0.4,0.6,0.3,0.1,0.1,0.1,0.2,0.1,0.1,0.1,0.1,0.1,0.3,1.7,2.4,3.6,3.7,3.9,4.3,4.4,4.1,6.6,5.4,4.8,7.9,6.7,6.0,4.1,7.3,6.1,2.1,3.4,2.3,2.3,2.2,4.7,2.7,5.4,4.2,2.8,5.3,4.7,4.7,4.0,6.7,6.1,4.8,3.5,2.1,4.9,7.5,4.9,5.0,4.1,2.1,0.9,0.8,4.1,5.4,2.7,1.4,2.7,1.4,4.1,6.2,6.0,4.3,1.6,0.7,0.8,0.8,1.6,0.8,1.7,2.4,2.8,2.8,2.0,1.4,2.2,2.8,2.8,4.7,3.5,5.6,3.7,3.6,2.9,2.3,1.7,1.7,1.4,0.7,1.0,1.6,2.2,0.9,0.9,1.8,1.7,1.7,0.2,2.1,3.3,2.7,1.4,1.0,1.5,2.1,1.0,2.1,0.8,0.1,0.1,0.8,2.8,5.2,1.3,0.3,1.0,1.5,5.5,6.7,3.9,4.7,2.9,1.6,3.4,1.5,0.3,2.9,4.9,2.9,2.8,1.0,0.4,1.1,1.2,2.2,2.3,2.3,0.2,2.1,2.1,3.5,1.7,1.5,0.4,0.3,2.1,3.4,2.8,1.5,2.7,4.1,2.3,4.1,2.2,1.5,0.8,0.8,0.8,2.8,0.3,1.1,0.9,1.0,1.6
11427,Queens,0.4,0.4,0.3,0.3,0.3,0.3,0.3,0.3,0.4,0.0,0.0,0.6,0.7,0.4,0.4,0.4,0.3,0.3,0.6,0.7,0.5,0.6,0.5,0.1,0.9,0.3,0.0,0.3,0.3,0.7,1.1,1.6,1.5,1.1,1.1,1.1,0.9,0.4,1.2,1.0,1.0,0.1,0.6,1.0,1.2,1.3,1.6,2.7,2.5,2.5,3.3,3.9,4.4,5.1,5.4,6.2,6.7,6.2,6.8,7.0,10.4,8.1,4.4,5.8,5.2,5.9,5.9,6.7,6.0,8.8,7.0,5.3,6.9,6.6,7.5,6.6,9.7,8.0,7.6,7.4,6.4,9.4,11.5,9.0,9.4,8.7,6.9,5.6,7.7,10.8,11.2,7.3,4.0,5.9,4.5,5.2,6.7,7.5,5.5,2.5,2.9,4.8,4.4,3.8,4.0,4.8,7.0,6.8,7.1,4.3,3.3,3.7,6.2,7.0,6.3,3.7,6.2,4.1,5.1,4.5,5.2,5.3,5.1,3.8,5.1,4.9,4.0,3.9,5.1,5.1,4.3,2.8,4.5,2.2,12.7,11.3,7.3,8.4,5.5,5.7,9.4,12.2,12.9,11.5,19.4,16.0,21.5,17.5,13.2,12.2,14.4,13.6,13.6,11.4,16.6,17.9,13.9,18.5,26.5,21.4,13.8,12.8,19.3,24.7,13.8,10.7,13.6,15.4,21.3,14.9,18.2,15.9,15.9,15.7,17.1,20.9,18.4,18.1,22.5,19.6,18.2,18.1,25.6,20.4,18.9,19.6,20.8,15.0,14.1,10.5,14.0,12.3,12.3,14.4,20.8,16.1,12.9,14.9,23.2,20.9
11428,Queens,0.0,0.0,0.0,0.0,0.0,0.0,0.0,0.0,0.0,0.0,0.0,0.0,0.0,0.0,0.0,0.0,0.0,0.0,0.0,0.0,0.0,0.0,0.0,0.0,0.0,0.0,0.0,0.0,0.0,0.0,0.0,0.0,0.0,0.0,0.0,0.0,0.0,0.0,0.0,0.0,0.0,0.0,0.0,0.0,0.0,0.0,0.0,0.4,0.4,0.4,0.8,1.5,1.9,0.8,0.8,1.2,2.3,3.7,3.7,4.5,3.8,2.7,1.1,0.4,0.1,0.4,1.9,1.5,2.6,3.4,3.0,3.7,2.6,1.5,1.9,1.2,4.2,2.3,1.9,1.9,2.6,4.5,3.8,3.0,3.4,2.7,2.6,1.5,1.1,3.0,3.8,1.2,0.8,1.2,1.5,0.8,2.3,4.5,3.4,2.2,2.2,2.6,1.1,0.4,2.2,3.0,3.0,3.4,2.3,1.5,0.8,0.8,3.0,1.2,0.4,0.4,2.3,3.0,3.4,2.3,2.7,3.4,3.7,2.2,2.2,4.1,2.6,2.6,3.7,2.6,1.5,1.5,2.6,1.1,3.8,2.3,1.5,2.3,1.6,2.0,3.8,3.7,4.1,3.4,4.1,4.4,5.9,2.2,1.5,1.5,1.8,1.1,1.5,2.7,4.5,3.0,3.4,4.5,6.7,6.7,6.7,5.2,5.6,6.0,4.5,3.4,3.0,4.8,5.9,3.1,3.4,1.9,2.3,1.9,2.7,3.1,2.4,1.6,2.7,3.4,6.7,4.9,6.0,6.7,3.0,3.0,3.4,4.1,5.3,3.8,1.9,1.5,4.8,4.1,3.8,3.7,3.7,4.9,5.7,5.6
11429,Queens,0.2,0.0,0.0,0.0,0.0,0.0,0.0,0.0,0.0,0.0,0.0,0.2,0.4,0.4,0.4,0.2,0.4,1.2,1.6,0.8,0.6,1.2,1.8,1.6,1.0,0.8,0.6,0.2,0.6,2.0,2.4,1.2,1.6,2.4,1.2,0.2,0.4,0.4,0.6,0.2,0.4,0.4,0.2,0.4,1.2,1.7,2.1,2.2,2.8,3.4,3.3,4.3,3.6,2.1,2.1,2.8,3.9,6.3,6.1,7.1,6.4,4.9,2.4,1.5,1.5,2.0,3.8,2.9,4.2,5.6,5.7,6.0,4.2,3.0,3.4,2.2,6.8,4.4,3.8,3.6,4.2,7.6,7.0,5.7,6.7,4.8,4.5,2.9,2.0,4.9,5.8,2.0,1.7,2.2,2.7,2.4,5.0,7.4,6.5,4.2,3.2,4.3,2.0,2.0,3.6,5.9,6.1,5.6,4.1,2.5,1.3,2.1,5.1,2.4,1.4,1.6,5.0,6.1,6.3,4.4,5.0,6.2,6.5,3.2,3.1,6.8,4.8,4.8,5.8,4.8,4.3,3.7,5.2,2.1,5.7,3.7,2.5,3.5,3.6,3.5,5.7,6.3,6.5,5.2,5.9,6.3,8.7,3.9,2.5,2.1,3.5,3.2,3.0,5.4,7.7,4.2,5.6,7.4,10.6,9.6,9.7,8.2,8.8,9.9,7.1,5.7,5.3,8.1,9.8,6.3,5.7,4.2,4.6,3.3,4.3,4.8,4.4,3.8,4.7,6.3,10.3,7.6,9.0,10.2,4.7,4.5,5.6,6.9,8.5,6.2,3.4,3.0,7.2,6.2,6.0,6.1,6.7,7.5,9.1,8.8
11432,Queens,4.6,5.6,4.5,3.0,3.8,3.5,3.5,3.5,4.8,3.6,3.0,6.7,10.0,10.1,7.3,9.0,9.0,7.0,7.7,8.8,7.5,7.8,6.5,5.6,7.9,7.6,6.7,7.8,9.9,12.3,12.9,8.7,6.6,6.6,6.9,6.1,7.4,10.0,9.6,11.5,16.9,16.0,13.2,13.4,10.7,12.2,17.6,15.3,20.0,18.5,21.5,19.1,19.7,20.2,22.2,21.1,24.8,25.6,33.2,32.9,28.3,26.3,31.7,27.4,31.9,45.7,45.4,33.7,36.3,46.9,41.5,33.9,36.6,35.0,45.6,44.3,48.8,46.6,45.8,57.4,63.2,64.5,77.0,69.4,67.5,76.0,86.2,75.2,82.5,104.7,111.3,40.8,45.3,39.6,47.9,51.4,48.8,47.2,46.5,46.8,50.4,56.4,65.8,75.0,56.5,62.9,60.6,47.6,55.8,53.4,61.0,53.7,62.7,69.9,67.8,69.0,65.3,62.0,63.7,59.6,71.7,71.0,53.7,24.8,50.3,63.2,73.6,79.7,78.0,86.3,85.1,77.7,104.1,99.0,97.8,91.4,91.0,101.7,93.7,94.7,81.9,93.4,91.3,76.3,98.7,121.5,127.2,112.2,122.1,105.6,98.8,116.6,109.0,94.3,101.1,108.2,145.7,109.9,119.9,114.4,102.9,92.5,113.2,123.8,103.9,117.8,126.5,106.3,109.7,89.8,100.2,94.6,103.0,108.4,106.4,105.6,112.1,106.1,105.6,102.5,100.8,112.1,113.7,120.2,119.1,110.9,122.7,117.9,119.6,121.8,100.3,104.8,99.2,103.0,118.5,113.7,111.0,137.5,131.2,121.3
11433,Queens,0.2,0.2,0.4,0.2,0.0,0.0,0.0,0.0,0.4,0.4,0.4,0.4,1.8,2.4,1.0,1.6,1.6,1.2,1.0,1.0,0.4,0.6,0.6,0.7,2.9,2.7,2.7,2.9,3.5,3.9,4.1,0.8,0.7,1.1,1.1,0.5,0.4,1.6,1.6,2.7,4.5,4.2,3.6,3.4,3.6,4.0,3.9,2.2,2.6,2.5,3.1,2.3,2.8,2.4,2.0,2.0,2.7,4.6,5.6,5.4,4.7,3.1,1.7,2.7,2.8,2.0,2.3,3.8,4.4,3.2,5.9,4.4,3.8,4.3,4.5,2.5,2.2,2.7,1.8,5.8,6.2,5.7,7.3,6.5,6.8,9.3,12.9,9.4,11.9,15.7,14.8,2.4,3.6,7.5,8.9,9.4,7.9,7.6,6.3,5.6,7.1,8.6,6.7,7.5,7.0,8.5,8.5,7.3,10.7,9.9,13.3,9.4,9.1,11.2,12.5,14.9,17.9,11.6,8.8,11.1,13.3,12.3,9.7,5.6,10.0,9.8,12.5,12.5,12.5,11.1,11.9,14.2,16.8,18.5,19.6,19.0,15.4,22.5,16.8,28.4,23.4,23.5,27.9,20.0,23.1,29.4,26.8,34.6,34.4,30.5,28.3,29.9,27.3,25.9,31.1,34.2,34.0,23.1,29.3,34.1,33.3,30.9,31.5,32.4,34.9,45.1,51.5,39.7,41.3,38.8,38.3,39.8,38.7,34.4,36.6,37.8,41.2,42.1,36.5,39.6,46.4,45.7,45.9,47.6,47.7,48.0,55.0,47.9,49.0,51.9,42.5,43.6,41.9,48.2,58.3,57.5,57.1,63.8,56.4,50.5
11434,Queens,0.4,0.2,0.2,0.0,0.0,0.0,0.0,0.0,0.0,0.0,0.0,0.3,0.3,0.7,0.7,0.7,0.9,0.9,0.5,0.9,0.7,1.0,1.4,1.5,1.5,1.1,0.1,0.1,0.1,0.6,0.6,0.5,0.3,0.3,0.3,0.3,0.4,0.3,0.5,0.4,0.1,0.0,0.0,0.4,0.4,0.4,0.8,0.7,0.4,0.5,0.5,0.1,0.4,0.7,0.5,0.2,0.3,0.4,0.4,0.2,0.6,0.1,0.1,0.3,0.2,0.2,0.3,0.4,0.5,0.2,0.4,1.1,1.3,0.7,0.7,0.3,0.3,0.6,1.6,0.9,0.9,1.5,1.3,1.5,1.1,0.6,0.8,1.6,2.2,2.2,1.3,1.1,1.4,1.5,2.2,0.9,2.3,1.5,0.6,1.4,1.3,1.8,2.8,2.1,1.6,2.4,2.6,2.0,1.4,1.9,0.7,1.7,1.0,2.6,2.0,2.1,1.4,1.8,0.9,2.1,2.4,2.8,1.9,1.6,1.6,1.8,1.7,0.7,1.5,1.2,1.9,2.6,1.5,2.1,1.7,2.3,2.8,2.0,1.4,2.8,2.8,2.6,2.4,1.9,0.9,0.6,1.2,1.9,0.9,2.1,1.7,2.0,1.9,1.4,3.0,2.2,4.1,3.9,3.6,3.6,3.3,2.4,1.1,1.9,2.1,2.9,1.7,3.5,3.0,4.8,4.2,3.7,3.8,3.2,3.0,3.4,2.2,3.0,2.0,2.5,1.7,2.2,1.9,1.4,4.6,1.4,1.9,1.5,1.3,0.9,2.0,2.5,2.7,2.2,2.0,1.9,4.1,3.8,1.5,1.4
11435,Queens,5.8,7.2,7.6,5.1,6.3,6.0,6.3,6.3,7.4,5.5,5.1,8.1,9.8,11.0,8.2,10.8,10.7,8.9,8.2,8.2,5.4,4.9,4.8,5.5,9.1,8.8,8.8,10.5,13.1,15.2,13.2,8.6,7.8,8.5,8.9,7.7,8.3,12.3,10.5,13.7,22.3,21.9,17.6,15.0,12.0,15.9,19.2,15.6,22.3,19.4,22.0,23.9,23.0,23.4,22.1,18.2,23.1,27.4,31.0,36.3,33.9,37.9,44.5,37.2,39.5,54.3,55.7,44.3,42.9,49.7,42.0,33.3,32.9,32.5,40.6,42.3,46.0,53.1,53.5,62.0,67.5,71.0,79.0,69.0,79.8,92.4,101.8,93.2,94.6,117.1,128.7,52.2,60.4,48.6,54.0,64.9,63.1,52.9,50.2,47.5,53.3,61.3,66.0,77.0,60.7,69.4,60.9,52.7,67.3,62.3,71.4,63.2,70.9,80.0,88.9,92.4,86.7,76.5,78.8,74.5,95.5,86.6,61.7,33.6,48.3,66.5,83.6,96.5,99.0,109.9,99.2,103.3,133.7,140.0,135.0,113.4,105.7,124.5,110.4,124.6,111.7,122.5,122.6,100.0,125.1,157.0,155.1,132.1,157.3,124.9,112.7,130.2,133.6,115.7,119.0,110.3,142.0,119.7,128.1,127.3,121.3,103.9,131.9,144.2,122.6,137.0,151.6,128.9,133.6,103.3,109.4,106.1,110.1,107.5,109.4,119.6,127.1,128.8,119.7,118.6,126.8,135.1,135.4,148.2,145.1,138.0,151.3,141.7,144.0,147.1,120.2,126.4,123.8,128.3,150.7,145.8,139.4,167.1,166.0,154.5
11691,Queens,2.6,3.6,1.5,1.5,1.0,0.0,0.0,0.0,0.0,8.3,8.3,1.0,1.0,1.5,2.6,3.1,3.1,1.5,1.0,1.5,1.5,0.5,0.5,1.0,2.6,2.1,2.1,2.1,1.5,2.1,1.5,2.1,2.1,1.0,0.5,0.0,0.0,0.5,1.0,1.0,2.1,3.1,4.6,9.8,10.8,15.0,15.0,17.5,14.4,12.9,11.9,15.0,12.9,14.4,9.8,11.9,13.9,14.4,13.9,16.0,12.9,9.3,15.0,18.6,19.1,20.6,20.6,17.5,23.7,21.2,9.3,8.3,9.3,7.7,10.3,15.0,21.2,35.1,45.9,40.2,27.9,26.8,30.4,23.2,25.3,24.3,17.0,19.1,24.3,28.4,28.9,13.4,19.6,24.3,18.1,13.9,12.9,22.7,20.6,23.7,24.8,25.8,28.4,29.9,29.4,42.8,43.3,32.0,36.1,35.6,37.2,28.4,34.1,36.6,31.5,28.4,35.1,35.6,25.3,22.2,32.5,22.2,22.7,20.6,24.8,29.4,32.0,24.8,23.7,23.7,19.6,16.0,19.6,22.7,24.3,23.2,20.1,20.1,19.1,22.2,18.6,28.4,31.5,35.6,37.7,32.0,32.0,32.5,28.9,28.9,29.9,27.3,30.4,28.4,26.3,26.3,29.4,23.7,25.3,23.2,24.3,25.8,32.0,35.1,33.0,40.8,42.8,34.1,38.7,35.1,38.2,32.0,33.0,28.9,31.0,23.2,22.2,25.8,23.7,18.1,29.9,24.8,29.4,26.3,23.7,34.1,36.6,28.4,30.4,32.5,25.3,29.4,25.3,34.1,28.4,33.0,28.4,29.4,22.2,20.6
11692,Queens,0.9,1.3,0.5,0.5,0.4,0.0,0.0,0.0,0.0,2.9,2.9,0.4,0.4,0.5,0.9,1.1,1.1,0.5,0.4,0.5,0.5,0.2,0.2,0.4,0.9,0.7,0.7,0.7,0.5,0.7,0.5,0.7,0.7,0.4,0.2,0.0,0.0,0.2,0.4,0.4,0.7,1.1,1.6,3.4,3.8,5.3,5.3,6.2,5.1,4.5,4.2,5.3,4.5,5.1,3.4,4.2,4.9,5.1,4.9,5.6,4.5,3.3,5.3,6.5,6.7,7.3,7.3,6.2,8.3,7.4,3.3,2.9,3.3,2.7,3.6,5.3,7.4,12.3,16.2,14.2,9.8,9.4,10.7,8.2,8.9,8.5,6.0,6.7,8.5,10.0,10.2,4.7,6.9,8.5,6.4,4.9,4.5,8.0,7.3,8.3,8.7,9.1,10.0,10.5,10.3,15.1,15.2,11.3,12.7,12.5,13.1,10.0,12.0,12.9,11.1,10.0,12.3,12.5,8.9,7.8,11.4,7.8,8.0,7.3,8.7,10.3,11.3,8.7,8.3,8.3,6.9,5.6,6.9,8.0,8.5,8.2,7.1,7.1,6.7,7.8,6.5,10.0,11.1,12.5,13.2,11.3,11.3,11.4,10.2,10.2,10.5,9.6,10.7,10.0,9.3,9.3,10.3,8.3,8.9,8.2,8.5,9.1,11.3,12.3,11.6,14.3,15.1,12.0,13.6,12.3,13.4,11.3,11.6,10.2,10.9,8.2,7.8,9.1,8.3,6.4,10.5,8.7,10.3,9.3,8.3,12.0,12.9,10.0,10.7,11.4,8.9,10.3,8.9,12.0,10.0,11.6,10.0,10.3,7.8,7.3
11693,Queens,0.6,0.8,0.3,0.3,0.2,0.0,0.0,0.0,0.0,1.8,1.8,0.2,0.2,0.3,0.6,0.7,0.7,0.3,0.2,0.3,0.3,0.1,0.1,0.2,0.6,0.4,0.4,0.4,0.3,0.4,0.3,0.4,0.4,0.2,0.1,0.0,0.0,0.1,0.2,0.2,0.4,0.7,1.0,2.1,2.3,3.2,3.2,3.8,3.1,2.8,2.6,3.2,2.8,3.1,2.1,2.6,3.0,3.1,3.0,3.5,2.8,2.0,3.2,4.0,4.1,4.5,4.5,3.8,5.1,4.6,2.0,1.8,2.0,1.7,2.2,3.2,4.6,7.6,9.9,8.7,6.0,5.8,6.6,5.0,5.5,5.2,3.7,4.1,5.2,6.1,6.3,2.9,4.2,5.2,3.9,3.0,2.8,4.9,4.5,5.1,5.4,5.6,6.1,6.5,6.4,9.3,9.4,6.9,7.8,7.7,8.0,6.1,7.4,7.9,6.8,6.1,7.6,7.7,5.5,4.8,7.0,4.8,4.9,4.5,5.4,6.4,6.9,5.4,5.1,5.1,4.2,3.5,4.2,4.9,5.2,5.0,4.4,4.4,4.1,4.8,4.0,6.1,6.8,7.7,8.1,6.9,6.9,7.0,6.3,6.3,6.5,5.9,6.6,6.1,5.7,5.7,6.4,5.1,5.5,5.0,5.2,5.6,6.9,7.6,7.1,8.8,9.3,7.4,8.4,7.6,8.3,6.9,7.1,6.3,6.7,5.0,4.8,5.6,5.1,3.9,6.5,5.4,6.4,5.7,5.1,7.4,7.9,6.1,6.6,7.0,5.5,6.4,5.5,7.4,6.1,7.1,6.1,6.4,4.8,4.5
11694,Queens,0.9,1.3,0.5,0.5,0.4,0.0,0.0,0.0,0.0,2.9,2.9,0.4,0.4,0.5,0.9,1.1,1.1,0.5,0.4,0.5,0.5,0.2,0.2,0.4,0.9,0.7,0.7,0.7,0.5,0.7,0.5,0.7,0.7,0.4,0.2,0.0,0.0,0.2,0.4,0.4,0.7,1.1,1.6,3.5,3.8,5.3,5.3,6.2,5.1,4.6,4.2,5.3,4.6,5.1,3.5,4.2,4.9,5.1,4.9,5.7,4.6,3.3,5.3,6.6,6.7,7.3,7.3,6.2,8.4,7.5,3.3,2.9,3.3,2.7,3.6,5.3,7.5,12.4,16.2,14.2,9.8,9.5,10.8,8.2,8.9,8.6,6.0,6.7,8.6,10.0,10.2,4.7,6.9,8.6,6.4,4.9,4.6,8.0,7.3,8.4,8.8,9.1,10.0,10.6,10.4,15.1,15.3,11.3,12.8,12.6,13.1,10.0,12.0,12.9,11.1,10.0,12.4,12.6,8.9,7.8,11.5,7.8,8.0,7.3,8.8,10.4,11.3,8.8,8.4,8.4,6.9,5.7,6.9,8.0,8.6,8.2,7.1,7.1,6.7,7.8,6.6,10.0,11.1,12.6,13.3,11.3,11.3,11.5,10.2,10.2,10.6,9.7,10.8,10.0,9.3,9.3,10.4,8.4,8.9,8.2,8.6,9.1,11.3,12.4,11.7,14.4,15.1,12.0,13.7,12.4,13.5,11.3,11.7,10.2,10.9,8.2,7.8,9.1,8.4,6.4,10.6,8.8,10.4,9.3,8.4,12.0,12.9,10.0,10.8,11.5,8.9,10.4,8.9,12.0,10.0,11.7,10.0,10.4,7.8,7.3
11697,Queens,0.0,0.1,0.0,0.0,0.0,0.0,0.0,0.0,0.0,0.1,0.1,0.0,0.0,0.0,0.0,0.1,0.1,0.0,0.0,0.0,0.0,0.0,0.0,0.0,0.0,0.0,0.0,0.0,0.0,0.0,0.0,0.0,0.0,0.0,0.0,0.0,0.0,0.0,0.0,0.0,0.0,0.1,0.1,0.2,0.2,0.2,0.2,0.3,0.2,0.2,0.2,0.2,0.2,0.2,0.2,0.2,0.2,0.2,0.2,0.3,0.2,0.2,0.2,0.3,0.3,0.3,0.3,0.3,0.4,0.4,0.2,0.1,0.2,0.1,0.2,0.2,0.4,0.6,0.8,0.7,0.5,0.4,0.5,0.4,0.4,0.4,0.3,0.3,0.4,0.5,0.5,0.2,0.3,0.4,0.3,0.2,0.2,0.4,0.3,0.4,0.4,0.4,0.5,0.5,0.5,0.7,0.7,0.5,0.6,0.6,0.6,0.5,0.6,0.6,0.5,0.5,0.6,0.6,0.4,0.4,0.5,0.4,0.4,0.3,0.4,0.5,0.5,0.4,0.4,0.4,0.3,0.3,0.3,0.4,0.4,0.4,0.3,0.3,0.3,0.4,0.3,0.5,0.5,0.6,0.6,0.5,0.5,0.5,0.5,0.5,0.5,0.5,0.5,0.5,0.4,0.4,0.5,0.4,0.4,0.4,0.4,0.4,0.5,0.6,0.6,0.7,0.7,0.6,0.6,0.6,0.6,0.5,0.6,0.5,0.5,0.4,0.4,0.4,0.4,0.3,0.5,0.4,0.5,0.4,0.4,0.6,0.6,0.5,0.5,0.5,0.4,0.5,0.4,0.6,0.5,0.6,0.5,0.5,0.4,0.3
